date,title,link,source,sentiment_score
2026-08-25,صندوق های طلا در ایستگاه نقد شدن / ورود 4 هزار میلیارد تومان پول حقیقی به درآمد ثابت‌ها,https://tejaratnews.com/%d8%b5%d9%86%d8%af%d9%88%d9%82-%d9%87%d8%a7%db%8c-%d8%b7%d9%84%d8%a7-%d8%af%d8%b1-%d8%a7%db%8c%d8%b3%d8%aa%da%af%d8%a7%d9%87-%d9%86%d9%82%d8%af-%d8%b4%d8%af%d9%86-%d9%88%d8%b1%d9%88%d8%af-4-%d9%87,https://tejaratnews.com/feed,0.0
2026-08-25,آمریکا: مذاکرات تجاری با کانادا شکست خورد,https://tejaratnews.com/%d8%a2%d9%85%d8%b1%db%8c%da%a9%d8%a7-%d9%85%d8%b0%d8%a7%da%a9%d8%b1%d8%a7%d8%aa-%d8%aa%d8%ac%d8%a7%d8%b1%db%8c-%d8%a8%d8%a7-%da%a9%d8%a7%d9%86%d8%a7%d8%af%d8%a7-%d8%b4%da%a9%d8%b3%d8%aa-%d8%ae%d9%88,https://tejaratnews.com/feed,-1.0
2026-08-25,پرداخت وام ۷۵ میلیونی به بازنشستگان کشوری,https://tejaratnews.com/%d9%be%d8%b1%d8%af%d8%a7%d8%ae%d8%aa-%d9%88%d8%a7%d9%85-%db%b7%db%b5-%d9%85%db%8c%d9%84%db%8c%d9%88%d9%86%db%8c-%d8%a8%d9%87-%d8%a8%d8%a7%d8%b2%d9%86%d8%b4%d8%b3%d8%aa%da%af%d8%a7%d9%86-%da%a9%d8%b4,https://tejaratnews.com/feed,0.0
2026-08-25,قیمت گواهی اسقاط خودرو افزایش یافت,https://tejaratnews.com/%d9%82%db%8c%d9%85%d8%aa-%da%af%d9%88%d8%a7%d9%87%db%8c-%d8%a7%d8%b3%d9%82%d8%a7%d8%b7-%d8%ae%d9%88%d8%af%d8%b1%d9%88-%d8%a7%d9%81%d8%b2%d8%a7%db%8c%d8%b4-%db%8c%d8%a7%d9%81%d8%aa,https://tejaratnews.com/feed,1.0
2026-08-25,جزئیات توسعه «کیف پول ایران»؛ سقف تراکنش‌ها ۵ میلیون تومان شد,https://tejaratnews.com/%d8%ac%d8%b2%d8%a6%db%8c%d8%a7%d8%aa-%d8%aa%d9%88%d8%b3%d8%b9%d9%87-%da%a9%db%8c%d9%81-%d9%be%d9%88%d9%84-%d8%a7%db%8c%d8%b1%d8%a7%d9%86%d8%9b-%d8%b3%d9%82%d9%81-%d8%aa%d8%b1%d8%a7%da%a9,https://tejaratnews.com/feed,1.0
2026-08-25,فروش فوری نقدی و اقساطی وانت آریسان ۲ با تحویل حداکثر ۳۰ روزه,https://tejaratnews.com/%d9%81%d8%b1%d9%88%d8%b4-%d9%81%d9%88%d8%b1%db%8c-%d9%86%d9%82%d8%af%db%8c-%d9%88-%d8%a7%d9%82%d8%b3%d8%a7%d8%b7%db%8c-%d9%88%d8%a7%d9%86%d8%aa-%d8%a2%d8%b1%db%8c%d8%b3%d8%a7%d9%86-%db%b2-%d8%a8%d8%a7,https://tejaratnews.com/feed,0.0
2026-08-25,معاون بهداشت ارتش: کادر درمان در جنگ ۱۲ روزه ۸ شهید تقدیم کرد,https://tejaratnews.com/%d9%85%d8%b9%d8%a7%d9%88%d9%86-%d8%a8%d9%87%d8%af%d8%a7%d8%b4%d8%aa-%d8%a7%d8%b1%d8%aa%d8%b4-%da%a9%d8%a7%d8%af%d8%b1-%d8%af%d8%b1%d9%85%d8%a7%d9%86-%d8%af%d8%b1-%d8%ac%d9%86%da%af-%db%b1%db%b2,https://tejaratnews.com/feed,0.0
2026-08-25,مخبر: پاسخ ایران قاطع‌تر از گذشته خواهد بود,https://tejaratnews.com/%d9%85%d8%ae%d8%a8%d8%b1-%d9%be%d8%a7%d8%b3%d8%ae-%d8%a7%db%8c%d8%b1%d8%a7%d9%86-%d9%82%d8%a7%d8%b7%d8%b9%d8%aa%d8%b1-%d8%a7%d8%b2-%da%af%d8%b0%d8%b4%d8%aa%d9%87-%d8%ae%d9%88%d8%a7%d9%87,https://tejaratnews.com/feed,0.0
2026-08-25,ترامپ: تعرفه‌های جدید علیه کانادا در راه است,https://tejaratnews.com/%d8%aa%d8%b1%d8%a7%d9%85%d9%be-%d8%aa%d8%b9%d8%b1%d9%81%d9%87%d9%87%d8%a7%db%8c-%d8%ac%d8%af%db%8c%d8%af-%d8%b9%d9%84%db%8c%d9%87-%da%a9%d8%a7%d9%86%d8%a7%d8%af%d8%a7-%d8%af%d8%b1-%d8%b1,https://tejaratnews.com/feed,0.0
2026-08-25,۱۰۰۰ پروژه نیمه‌تمام در سطح تهران وجود دارد,https://tejaratnews.com/%db%b1%db%b0%db%b0%db%b0-%d9%be%d8%b1%d9%88%da%98%d9%87-%d9%86%db%8c%d9%85%d9%87%d8%aa%d9%85%d8%a7%d9%85-%d8%af%d8%b1-%d8%b3%d8%b7%d8%ad-%d8%aa%d9%87%d8%b1%d8%a7%d9%86-%d9%88%d8%ac%d9%88,https://tejaratnews.com/feed,0.0
2026-08-25,آمریکا تحریم‌های ثانویه علیه ایران را گسترش می‌دهد,https://tejaratnews.com/%d8%a2%d9%85%d8%b1%db%8c%da%a9%d8%a7-%d8%aa%d8%ad%d8%b1%db%8c%d9%85%d9%87%d8%a7%db%8c-%d8%ab%d8%a7%d9%86%d9%88%db%8c%d9%87-%d8%b9%d9%84%db%8c%d9%87-%d8%a7%db%8c%d8%b1%d8%a7%d9%86-%d8%b1%d8%a7,https://tejaratnews.com/feed,0.0
2026-08-25,تراکتور ۱- پرسپولیس صفر / اشتراکال عصای دست تراکتور شد,https://tejaratnews.com/%d8%aa%d8%b1%d8%a7%da%a9%d8%aa%d9%88%d8%b1-%db%b1-%d9%be%d8%b1%d8%b3%d9%be%d9%88%d9%84%db%8c%d8%b3-%d8%b5%d9%81%d8%b1-%d8%a7%d8%b4%d8%aa%d8%b1%d8%a7%da%a9%d8%a7%d9%84-%d8%b9%d8%b5%d8%a7%db%8c,https://tejaratnews.com/feed,0.0
2026-08-25,تفاهم‌نامه ۱۰ ساله تشکل‌های پلیمری برای برگزاری پلاست‌شو امضا شد,https://tejaratnews.com/%d8%aa%d9%81%d8%a7%d9%87%d9%85%d9%86%d8%a7%d9%85%d9%87-%db%b1%db%b0-%d8%b3%d8%a7%d9%84%d9%87-%d8%aa%d8%b4%da%a9%d9%84%d9%87%d8%a7%db%8c-%d9%be%d9%84%db%8c%d9%85%d8%b1%db%8c-%d8%a8,https://tejaratnews.com/feed,0.0
2026-08-25,آمریکا طرح ادعایی جدید خود علیه ایران را اعلام کرد,https://tejaratnews.com/%d8%a2%d9%85%d8%b1%db%8c%da%a9%d8%a7-%d8%b7%d8%b1%d8%ad-%d8%a7%d8%af%d8%b9%d8%a7%db%8c%db%8c-%d8%ac%d8%af%db%8c%d8%af-%d8%ae%d9%88%d8%af-%d8%b9%d9%84%db%8c%d9%87-%d8%a7%db%8c%d8%b1%d8%a7%d9%86-%d8%b1,https://tejaratnews.com/feed,0.0
2026-08-25,رضایی به عاصم منیر: به آمریکا بی‌اعتمادیم و باید رفتارش را تغییر دهد,https://tejaratnews.com/%d8%b1%d8%b6%d8%a7%db%8c%db%8c-%d8%a8%d9%87-%d8%b9%d8%a7%d8%b5%d9%85-%d9%85%d9%86%db%8c%d8%b1-%d8%a8%d9%87-%d8%a2%d9%85%d8%b1%db%8c%da%a9%d8%a7-%d8%a8%db%8c%d8%a7%d8%b9%d8%aa%d9%85%d8%a7,https://tejaratnews.com/feed,0.0
2026-08-25,گوترش: تردد کشتی‌ها در تنگه هرمز تقریبا متوقف شده است,https://tejaratnews.com/%da%af%d9%88%d8%aa%d8%b1%d8%b4-%d8%aa%d8%b1%d8%af%d8%af-%da%a9%d8%b4%d8%aa%db%8c%d9%87%d8%a7-%d8%af%d8%b1-%d8%aa%d9%86%da%af%d9%87-%d9%87%d8%b1%d9%85%d8%b2-%d8%aa%d9%82%d8%b1%db%8c%d8%a8,https://tejaratnews.com/feed,0.0
2026-08-25,وزیر آموزش و پرورش: مدارس برای آغاز سال تحصیلی جدید به صورت حضوری آماده است,https://tejaratnews.com/%d9%88%d8%b2%db%8c%d8%b1-%d8%a2%d9%85%d9%88%d8%b2%d8%b4-%d9%88-%d9%be%d8%b1%d9%88%d8%b1%d8%b4-%d9%85%d8%af%d8%a7%d8%b1%d8%b3-%d8%a8%d8%b1%d8%a7%db%8c-%d8%a2%d8%ba%d8%a7%d8%b2-%d8%b3%d8%a7%d9%84,https://tejaratnews.com/feed,0.0
2026-08-25,ایران به عضویت کامل در اتحادیه جهانی همکاری تأیید صلاحیت در آمد,https://tejaratnews.com/%d8%a7%db%8c%d8%b1%d8%a7%d9%86-%d8%a8%d9%87-%d8%b9%d8%b6%d9%88%db%8c%d8%aa-%da%a9%d8%a7%d9%85%d9%84-%d8%af%d8%b1-%d8%a7%d8%aa%d8%ad%d8%a7%d8%af%db%8c%d9%87-%d8%ac%d9%87%d8%a7%d9%86%db%8c-%d9%87%d9%85,https://tejaratnews.com/feed,0.0
2026-08-25,قالیباف: پیگیر اجرای شروط یادداشت تفاهم هستیم,https://tejaratnews.com/%d9%82%d8%a7%d9%84%db%8c%d8%a8%d8%a7%d9%81-%d9%be%db%8c%da%af%db%8c%d8%b1-%d8%a7%d8%ac%d8%b1%d8%a7%db%8c-%d8%b4%d8%b1%d9%88%d8%b7-%db%8c%d8%a7%d8%af%d8%af%d8%a7%d8%b4%d8%aa-%d8%aa%d9%81%d8%a7%d9%87,https://tejaratnews.com/feed,0.0
2026-08-25,وزیر صمت: ایران با فناوری بهتر بازسازی خواهد شد,https://tejaratnews.com/%d9%88%d8%b2%db%8c%d8%b1-%d8%b5%d9%85%d8%aa-%d8%a7%db%8c%d8%b1%d8%a7%d9%86-%d8%a8%d8%a7-%d9%81%d9%86%d8%a7%d9%88%d8%b1%db%8c-%d8%a8%d9%87%d8%aa%d8%b1-%d8%a8%d8%a7%d8%b2%d8%b3%d8%a7%d8%b2%db%8c-%d8%ae,https://tejaratnews.com/feed,0.0
2026-08-25,دنیامالی: تکمیل پروژه‌های نیمه‌تمام ورزشی اولویت وزارت ورزش است,https://tejaratnews.com/%d8%af%d9%86%db%8c%d8%a7%d9%85%d8%a7%d9%84%db%8c-%d8%aa%da%a9%d9%85%db%8c%d9%84-%d9%be%d8%b1%d9%88%da%98%d9%87%d9%87%d8%a7%db%8c-%d9%86%db%8c%d9%85%d9%87%d8%aa%d9%85%d8%a7%d9%85,https://tejaratnews.com/feed,0.0
2026-08-25,وزیر اقتصاد: دشمنان در جنگ اقتصادی نیز شکست خواهند خورد/ متوسط توقف کالا در گمرکات از ۱۰ ماه به ۸ روز کاهش یافت,https://tejaratnews.com/%d9%88%d8%b2%db%8c%d8%b1-%d8%a7%d9%82%d8%aa%d8%b5%d8%a7%d8%af-%d8%af%d8%b4%d9%85%d9%86%d8%a7%d9%86-%d8%af%d8%b1-%d8%ac%d9%86%da%af-%d8%a7%d9%82%d8%aa%d8%b5%d8%a7%d8%af%db%8c-%d9%86%db%8c%d8%b2-%d8%b4,https://tejaratnews.com/feed,-1.0
2026-08-25,قیمت خودرو امروز سه‌شنبه ۳ شهریور ۱۴۰۵ / افزایش قیمت خودرو رکورد زد + جدول,https://tejaratnews.com/%d9%82%db%8c%d9%85%d8%aa-%d8%ae%d9%88%d8%af%d8%b1%d9%88-%d8%a7%d9%85%d8%b1%d9%88%d8%b2-%d8%b3%d9%87%d8%b4%d9%86%d8%a8%d9%87-%db%b3-%d8%b4%d9%87%d8%b1%db%8c%d9%88%d8%b1-%db%b1%db%b4%db%b0,https://tejaratnews.com/feed,1.0
2026-08-25,قیمت سیمان عمده امروز ۳ شهریور ۱۴۰۵ + جدول,https://tejaratnews.com/%d9%82%db%8c%d9%85%d8%aa-%d8%b3%db%8c%d9%85%d8%a7%d9%86-%d8%b9%d9%85%d8%af%d9%87-%d8%a7%d9%85%d8%b1%d9%88%d8%b2-%db%b3-%d8%b4%d9%87%d8%b1%db%8c%d9%88%d8%b1-%db%b1%db%b4%db%b0%db%b5-%d8%ac%d8%af,https://tejaratnews.com/feed,0.0
2026-08-25,قیمت میلگرد امروز ۳ شهریور ۱۴۰۵ / بازار افزایشی شد + جدول,https://tejaratnews.com/%d9%82%db%8c%d9%85%d8%aa-%d9%85%db%8c%d9%84%da%af%d8%b1%d8%af-%d8%a7%d9%85%d8%b1%d9%88%d8%b2-%db%b3-%d8%b4%d9%87%d8%b1%db%8c%d9%88%d8%b1-%db%b1%db%b4%db%b0%db%b5-%d8%a8%d8%a7%d8%b2%d8%a7%d8%b1,https://tejaratnews.com/feed,0.0
2026-08-25,قیمت طلای جهانی امروز سه شنبه ۳ شهریور ۱۴۰۵ / طلا از تنش‌های سیاسی و نگرانی‌های دلاری نیرو گرفت,https://tejaratnews.com/%d9%82%db%8c%d9%85%d8%aa-%d8%b7%d9%84%d8%a7%db%8c-%d8%ac%d9%87%d8%a7%d9%86%db%8c-%d8%a7%d9%85%d8%b1%d9%88%d8%b2-%d8%b3%d9%87-%d8%b4%d9%86%d8%a8%d9%87-%db%b3-%d8%b4%d9%87%d8%b1%db%8c%d9%88%d8%b1-%db%b1,https://tejaratnews.com/feed,0.0
2026-08-25,قیمت خودرو‌های ایران خودرو امروز سه‌شنبه ۳ شهریور ۱۴۰۵,https://tejaratnews.com/%d9%82%db%8c%d9%85%d8%aa-%d8%ae%d9%88%d8%af%d8%b1%d9%88%d9%87%d8%a7%db%8c-%d8%a7%db%8c%d8%b1%d8%a7%d9%86-%d8%ae%d9%88%d8%af%d8%b1%d9%88-%d8%a7%d9%85%d8%b1%d9%88%d8%b2-%d8%b3%d9%87-7,https://tejaratnews.com/feed,0.0
2026-08-25,قیمت تیرآهن امروز ۳ شهریور 1405 / تیرآهن گران شد + جدول,https://tejaratnews.com/%d9%82%db%8c%d9%85%d8%aa-%d8%aa%db%8c%d8%b1%d8%a2%d9%87%d9%86-%d8%a7%d9%85%d8%b1%d9%88%d8%b2-%db%b3-%d8%b4%d9%87%d8%b1%db%8c%d9%88%d8%b1-1405-%d8%aa%db%8c%d8%b1%d8%a2%d9%87%d9%86-%da%af%d8%b1%d8%a7,https://tejaratnews.com/feed,0.0
2026-08-25,آمریکا تحریم های جدید علیه ایران اعمال کرد,https://tejaratnews.com/%d8%a2%d9%85%d8%b1%db%8c%da%a9%d8%a7-%d8%aa%d8%ad%d8%b1%db%8c%d9%85-%d9%87%d8%a7%db%8c-%d8%ac%d8%af%db%8c%d8%af-%d8%b9%d9%84%db%8c%d9%87-%d8%a7%db%8c%d8%b1%d8%a7%d9%86-%d8%a7%d8%b9%d9%85%d8%a7%d9%84,https://tejaratnews.com/feed,0.0
2026-08-25,قیمت خودرو‌های سایپا امروز سه‌شنبه ۳ شهریور ۱۴۰۵,https://tejaratnews.com/%d9%82%db%8c%d9%85%d8%aa-%d8%ae%d9%88%d8%af%d8%b1%d9%88%d9%87%d8%a7%db%8c-%d8%b3%d8%a7%db%8c%d9%be%d8%a7-%d8%a7%d9%85%d8%b1%d9%88%d8%b2-%d8%b3%d9%87%d8%b4%d9%86%d8%a8%d9%87-%db%b3-3,https://tejaratnews.com/feed,0.0
2026-08-25,قیمت بیت کوین و ارز‌های دیجیتال امروز سه‌شنبه ۳ شهریور ۱۴۰۵,https://tejaratnews.com/%d9%82%db%8c%d9%85%d8%aa-%d8%a8%db%8c%d8%aa-%da%a9%d9%88%db%8c%d9%86-%d9%88-%d8%a7%d8%b1%d8%b2%d9%87%d8%a7%db%8c-%d8%af%db%8c%d8%ac%db%8c%d8%aa%d8%a7%d9%84-%d8%a7%d9%85%d8%b1%d9%88%d8%b2-59,https://tejaratnews.com/feed,0.0
2026-08-25,شوک بارشی پایان تابستان در راه ایران,https://tejaratnews.com/%d8%b4%d9%88%da%a9-%d8%a8%d8%a7%d8%b1%d8%b4%db%8c-%d9%be%d8%a7%db%8c%d8%a7%d9%86-%d8%aa%d8%a7%d8%a8%d8%b3%d8%aa%d8%a7%d9%86-%d8%af%d8%b1-%d8%b1%d8%a7%d9%87-%d8%a7%db%8c%d8%b1%d8%a7%d9%86,https://tejaratnews.com/feed,0.0
2026-08-25,راهکارهای سرپرست تأمین‌اجتماعی برای تأمین منابع مالی,https://tejaratnews.com/%d8%b1%d8%a7%d9%87%da%a9%d8%a7%d8%b1%d9%87%d8%a7%db%8c-%d8%b3%d8%b1%d9%be%d8%b1%d8%b3%d8%aa-%d8%aa%d8%a3%d9%85%db%8c%d9%86%d8%a7%d8%ac%d8%aa%d9%85%d8%a7%d8%b9%db%8c-%d8%a8%d8%b1%d8%a7%db%8c,https://tejaratnews.com/feed,0.0
2026-08-25,نظارت ویژه بر بازار نوشت‌افزار از ۱۰ شهریور,https://tejaratnews.com/%d9%86%d8%b8%d8%a7%d8%b1%d8%aa-%d9%88%db%8c%da%98%d9%87-%d8%a8%d8%b1-%d8%a8%d8%a7%d8%b2%d8%a7%d8%b1-%d9%86%d9%88%d8%b4%d8%aa%d8%a7%d9%81%d8%b2%d8%a7%d8%b1-%d8%a7%d8%b2-%db%b1%db%b0-%d8%b4,https://tejaratnews.com/feed,0.0
2026-08-25,اعزام روزانه 1000 کامیون برای تأمین نیاز کشور به چابهار,https://tejaratnews.com/%d8%a7%d8%b9%d8%b2%d8%a7%d9%85-%d8%b1%d9%88%d8%b2%d8%a7%d9%86%d9%87-1000-%da%a9%d8%a7%d9%85%db%8c%d9%88%d9%86-%d8%a8%d8%b1%d8%a7%db%8c-%d8%aa%d8%a3%d9%85%db%8c%d9%86-%d9%86%db%8c%d8%a7%d8%b2-%da%a9,https://tejaratnews.com/feed,0.0
2026-08-25,فلاحت‌پیشه: دام اسرائیل برای اقدامات نظامی از روز اول جنگ اقتصادی پهن شد/ آرامش 5 روز اخیر نشان می‌دهد ایران هنوز مذاکره را کنار نگذاشته است,https://donya-e-eqtesad.com/%D8%A8%D8%AE%D8%B4-%D8%B3%D8%A7%DB%8C%D8%AA-%D8%AE%D9%88%D8%A7%D9%86-62/4290773-%D9%81%D9%84%D8%A7%D8%AD%D8%AA-%D9%BE%DB%8C%D8%B4%D9%87-%D8%AF%D8%A7%D9%85-%D8%A7%D8%B3%D8%B1%D8%A7%D8%A6%DB%8C%D9%84-%D8%A8%D8%B1%D8%A7%DB%8C-%D8%A7%D9%82%D8%AF%D8%A7%D9%85%D8%A7%D8%AA-%D9%86%D8%B8%D8%A7%D9%85%DB%8C-%D8%A7%D8%B2-%D8%B1%D9%88%D8%B2-%D8%A7%D9%88%D9%84-%D8%AC%D9%86%DA%AF-%D8%A7%D9%82%D8%AA%D8%B5%D8%A7%D8%AF%DB%8C-%D9%BE%D9%87%D9%86-%D8%B4%D8%AF-%D8%A2%D8%B1%D8%A7%D9%85%D8%B4-%D8%B1%D9%88%D8%B2-%D8%A7%D8%AE%DB%8C%D8%B1-%D9%86%D8%B4%D8%A7%D9%86-%D9%85%DB%8C-%D8%AF%D9%87%D8%AF-%D8%A7%DB%8C%D8%B1%D8%A7%D9%86-%D9%87%D9%86%D9%88%D8%B2-%D9%85%D8%B0%D8%A7%DA%A9%D8%B1%D9%87-%D8%B1%D8%A7-%DA%A9%D9%86%D8%A7%D8%B1-%D9%86%DA%AF%D8%B0%D8%A7%D8%B4%D8%AA%D9%87-%D8%A7%D8%B3%D8%AA,https://donya-e-eqtesad.com/rss,0.0
2026-08-25,رکوردزنی ال نینو در پاییز ۱۴۰۵ / پیش‌بینی بارش و دمای هوا تا نیمه بهمن ماه,https://donya-e-eqtesad.com/%D8%A8%D8%AE%D8%B4-%D8%B3%D8%A7%DB%8C%D8%AA-%D8%AE%D9%88%D8%A7%D9%86-62/4290754-%D8%B1%DA%A9%D9%88%D8%B1%D8%AF%D8%B2%D9%86%DB%8C-%D8%A7%D9%84-%D9%86%DB%8C%D9%86%D9%88-%D8%AF%D8%B1-%D9%BE%D8%A7%DB%8C%DB%8C%D8%B2-%D9%BE%DB%8C%D8%B4-%D8%A8%DB%8C%D9%86%DB%8C-%D8%A8%D8%A7%D8%B1%D8%B4-%D8%AF%D9%85%D8%A7%DB%8C-%D9%87%D9%88%D8%A7-%D8%AA%D8%A7-%D9%86%DB%8C%D9%85%D9%87-%D8%A8%D9%87%D9%85%D9%86-%D9%85%D8%A7%D9%87,https://donya-e-eqtesad.com/rss,0.0
2026-08-25,از برنامه بانک‌مرکزی برای تأمین ارز تا اجرای عملیات طرد اقتصادی,https://donya-e-eqtesad.com/%D8%A8%D8%AE%D8%B4-%D9%BE%D8%A7%D8%AF%DA%A9%D8%B3%D8%AA-201/4290755-%D8%A7%D8%B2-%D8%A8%D8%B1%D9%86%D8%A7%D9%85%D9%87-%D8%A8%D8%A7%D9%86%DA%A9-%D9%85%D8%B1%DA%A9%D8%B2%DB%8C-%D8%A8%D8%B1%D8%A7%DB%8C-%D8%AA%D8%A3%D9%85%DB%8C%D9%86-%D8%A7%D8%B1%D8%B2-%D8%AA%D8%A7-%D8%A7%D8%AC%D8%B1%D8%A7%DB%8C-%D8%B9%D9%85%D9%84%DB%8C%D8%A7%D8%AA-%D8%B7%D8%B1%D8%AF-%D8%A7%D9%82%D8%AA%D8%B5%D8%A7%D8%AF%DB%8C,https://donya-e-eqtesad.com/rss,0.0
2026-08-25,طرح‌های جنجالی نمایندگان در مجلس/ بررسی یک طرح پشت درهای بسته؟/ طرح نفوذ، حفره‌های امنیتی را می پوشاند؟,https://donya-e-eqtesad.com/%D8%A8%D8%AE%D8%B4-%D8%B3%D8%A7%DB%8C%D8%AA-%D8%AE%D9%88%D8%A7%D9%86-62/4290756-%D8%B7%D8%B1%D8%AD-%D9%87%D8%A7%DB%8C-%D8%AC%D9%86%D8%AC%D8%A7%D9%84%DB%8C-%D9%86%D9%85%D8%A7%DB%8C%D9%86%D8%AF%DA%AF%D8%A7%D9%86-%D8%AF%D8%B1-%D9%85%D8%AC%D9%84%D8%B3-%D8%A8%D8%B1%D8%B1%D8%B3%DB%8C-%DB%8C%DA%A9-%D8%B7%D8%B1%D8%AD-%D9%BE%D8%B4%D8%AA-%D8%AF%D8%B1%D9%87%D8%A7%DB%8C-%D8%A8%D8%B3%D8%AA%D9%87-%D8%B7%D8%B1%D8%AD-%D9%86%D9%81%D9%88%D8%B0-%D8%AD%D9%81%D8%B1%D9%87-%D9%87%D8%A7%DB%8C-%D8%A7%D9%85%D9%86%DB%8C%D8%AA%DB%8C-%D8%B1%D8%A7-%D9%85%DB%8C-%D9%BE%D9%88%D8%B4%D8%A7%D9%86%D8%AF,https://donya-e-eqtesad.com/rss,0.0
2026-08-25,کپلر: در 24 ساعت گذشته تنها یک کشتی از تنگه هرمز عبور کرده است,https://donya-e-eqtesad.com/%D8%A8%D8%AE%D8%B4-%D8%B3%D8%A7%DB%8C%D8%AA-%D8%AE%D9%88%D8%A7%D9%86-62/4290757-%DA%A9%D9%BE%D9%84%D8%B1-%D8%AF%D8%B1-%D8%B3%D8%A7%D8%B9%D8%AA-%DA%AF%D8%B0%D8%B4%D8%AA%D9%87-%D8%AA%D9%86%D9%87%D8%A7-%DB%8C%DA%A9-%DA%A9%D8%B4%D8%AA%DB%8C-%D8%A7%D8%B2-%D8%AA%D9%86%DA%AF%D9%87-%D9%87%D8%B1%D9%85%D8%B2-%D8%B9%D8%A8%D9%88%D8%B1-%DA%A9%D8%B1%D8%AF%D9%87-%D8%A7%D8%B3%D8%AA,https://donya-e-eqtesad.com/rss,0.0
2026-08-25,پاکستان: پیشرفت خوبی در گفتگو با مقامات ایرانی حاصل شد,https://donya-e-eqtesad.com/%D8%A8%D8%AE%D8%B4-%D8%B3%D8%A7%DB%8C%D8%AA-%D8%AE%D9%88%D8%A7%D9%86-62/4290758-%D9%BE%D8%A7%DA%A9%D8%B3%D8%AA%D8%A7%D9%86-%D9%BE%DB%8C%D8%B4%D8%B1%D9%81%D8%AA-%D8%AE%D9%88%D8%A8%DB%8C-%D8%AF%D8%B1-%DA%AF%D9%81%D8%AA%DA%AF%D9%88-%D8%A8%D8%A7-%D9%85%D9%82%D8%A7%D9%85%D8%A7%D8%AA-%D8%A7%DB%8C%D8%B1%D8%A7%D9%86%DB%8C-%D8%AD%D8%A7%D8%B5%D9%84-%D8%B4%D8%AF,https://donya-e-eqtesad.com/rss,1.0
2026-08-25,هشدار ونس به ترامپ قبل از آغاز جنگ با ایران چه بود؟,https://donya-e-eqtesad.com/%D8%A8%D8%AE%D8%B4-%D8%B3%D8%A7%DB%8C%D8%AA-%D8%AE%D9%88%D8%A7%D9%86-62/4290762-%D9%87%D8%B4%D8%AF%D8%A7%D8%B1-%D9%88%D9%86%D8%B3-%D8%A8%D9%87-%D8%AA%D8%B1%D8%A7%D9%85%D9%BE-%D9%82%D8%A8%D9%84-%D8%A7%D8%B2-%D8%A2%D8%BA%D8%A7%D8%B2-%D8%AC%D9%86%DA%AF-%D8%A8%D8%A7-%D8%A7%DB%8C%D8%B1%D8%A7%D9%86-%DA%86%D9%87-%D8%A8%D9%88%D8%AF,https://donya-e-eqtesad.com/rss,0.0
2026-08-25,کاهش چشمگیر ارزش دستمزد کارگران ایرانی/ 10 سال پیش  ۲۳۲ دلار  می‌گرفتند حالا ۸۳ دلار!,https://donya-e-eqtesad.com/%D8%A8%D8%AE%D8%B4-%D8%B3%D8%A7%DB%8C%D8%AA-%D8%AE%D9%88%D8%A7%D9%86-62/4290766-%DA%A9%D8%A7%D9%87%D8%B4-%DA%86%D8%B4%D9%85%DA%AF%DB%8C%D8%B1-%D8%A7%D8%B1%D8%B2%D8%B4-%D8%AF%D8%B3%D8%AA%D9%85%D8%B2%D8%AF-%DA%A9%D8%A7%D8%B1%DA%AF%D8%B1%D8%A7%D9%86-%D8%A7%DB%8C%D8%B1%D8%A7%D9%86%DB%8C-%D8%B3%D8%A7%D9%84-%D9%BE%DB%8C%D8%B4-%D8%AF%D9%84%D8%A7%D8%B1-%D9%85%DB%8C-%DA%AF%D8%B1%D9%81%D8%AA%D9%86%D8%AF-%D8%AD%D8%A7%D9%84%D8%A7-%D8%AF%D9%84%D8%A7%D8%B1,https://donya-e-eqtesad.com/rss,-1.0
2026-08-25,قیمت طلا و سکه امروز سه‌شنبه ۳ شهریور ۱۴۰۵/افزایش قیمت سکه,https://donya-e-eqtesad.com/%D8%A8%D8%AE%D8%B4-%D8%B3%D8%A7%DB%8C%D8%AA-%D8%AE%D9%88%D8%A7%D9%86-62/4290765-%D9%82%DB%8C%D9%85%D8%AA-%D8%B7%D9%84%D8%A7-%D8%B3%DA%A9%D9%87-%D8%A7%D9%85%D8%B1%D9%88%D8%B2-%D8%B3%D9%87-%D8%B4%D9%86%D8%A8%D9%87-%D8%B4%D9%87%D8%B1%DB%8C%D9%88%D8%B1-%D8%A7%D9%81%D8%B2%D8%A7%DB%8C%D8%B4-%D9%82%DB%8C%D9%85%D8%AA-%D8%B3%DA%A9%D9%87,https://donya-e-eqtesad.com/rss,1.0
2026-08-25,قیمت طلا ۱۸ عیار امروز سه‌شنبه ۳ شهریور ۱۴۰۵/ کاهش قیمت طلا+جزئیات,https://donya-e-eqtesad.com/%D8%A8%D8%AE%D8%B4-%D8%B3%D8%A7%DB%8C%D8%AA-%D8%AE%D9%88%D8%A7%D9%86-62/4290764-%D9%82%DB%8C%D9%85%D8%AA-%D8%B7%D9%84%D8%A7-%D8%B9%DB%8C%D8%A7%D8%B1-%D8%A7%D9%85%D8%B1%D9%88%D8%B2-%D8%B3%D9%87-%D8%B4%D9%86%D8%A8%D9%87-%D8%B4%D9%87%D8%B1%DB%8C%D9%88%D8%B1-%DA%A9%D8%A7%D9%87%D8%B4-%D9%82%DB%8C%D9%85%D8%AA-%D8%B7%D9%84%D8%A7-%D8%AC%D8%B2%D8%A6%DB%8C%D8%A7%D8%AA,https://donya-e-eqtesad.com/rss,-1.0
2026-08-25,قیمت طلا امروز سه‌شنبه ۳ شهریور ۱۴۰۵/ افت قیمت طلا,https://donya-e-eqtesad.com/%D8%A8%D8%AE%D8%B4-%D8%B3%D8%A7%DB%8C%D8%AA-%D8%AE%D9%88%D8%A7%D9%86-62/4290763-%D9%82%DB%8C%D9%85%D8%AA-%D8%B7%D9%84%D8%A7-%D8%A7%D9%85%D8%B1%D9%88%D8%B2-%D8%B3%D9%87-%D8%B4%D9%86%D8%A8%D9%87-%D8%B4%D9%87%D8%B1%DB%8C%D9%88%D8%B1-%D8%A7%D9%81%D8%AA-%D9%82%DB%8C%D9%85%D8%AA-%D8%B7%D9%84%D8%A7,https://donya-e-eqtesad.com/rss,-1.0
2026-08-25,حمله به نفتکش عربستان در دریای سرخ,https://donya-e-eqtesad.com/%D8%A8%D8%AE%D8%B4-%D8%B3%D8%A7%DB%8C%D8%AA-%D8%AE%D9%88%D8%A7%D9%86-62/4290767-%D8%AD%D9%85%D9%84%D9%87-%D8%A8%D9%87-%D9%86%D9%81%D8%AA%DA%A9%D8%B4-%D8%B9%D8%B1%D8%A8%D8%B3%D8%AA%D8%A7%D9%86-%D8%AF%D8%B1-%D8%AF%D8%B1%DB%8C%D8%A7%DB%8C-%D8%B3%D8%B1%D8%AE,https://donya-e-eqtesad.com/rss,0.0
2026-08-25,ظریفیان: منتقدان قدیمی مذاکره پذیرفته‌اند که دیپلماسی بخشی از قدرت ملی است/ مخالفت با مذاکره نیازمند استدلال است، نه شعار,https://donya-e-eqtesad.com/%D8%A8%D8%AE%D8%B4-%D8%B3%D8%A7%DB%8C%D8%AA-%D8%AE%D9%88%D8%A7%D9%86-62/4290768-%D8%B8%D8%B1%DB%8C%D9%81%DB%8C%D8%A7%D9%86-%D9%85%D9%86%D8%AA%D9%82%D8%AF%D8%A7%D9%86-%D9%82%D8%AF%DB%8C%D9%85%DB%8C-%D9%85%D8%B0%D8%A7%DA%A9%D8%B1%D9%87-%D9%BE%D8%B0%DB%8C%D8%B1%D9%81%D8%AA%D9%87-%D8%A7%D9%86%D8%AF-%DA%A9%D9%87-%D8%AF%DB%8C%D9%BE%D9%84%D9%85%D8%A7%D8%B3%DB%8C-%D8%A8%D8%AE%D8%B4%DB%8C-%D8%A7%D8%B2-%D9%82%D8%AF%D8%B1%D8%AA-%D9%85%D9%84%DB%8C-%D8%A7%D8%B3%D8%AA-%D9%85%D8%AE%D8%A7%D9%84%D9%81%D8%AA-%D8%A8%D8%A7-%D9%85%D8%B0%D8%A7%DA%A9%D8%B1%D9%87-%D9%86%DB%8C%D8%A7%D8%B2%D9%85%D9%86%D8%AF-%D8%A7%D8%B3%D8%AA%D8%AF%D9%84%D8%A7%D9%84-%D8%A7%D8%B3%D8%AA-%D9%86%D9%87-%D8%B4%D8%B9%D8%A7%D8%B1,https://donya-e-eqtesad.com/rss,0.0
2026-08-25,دلیل زود تمام شدن بسته‌های اینترنتی/ خداحافظی با اینترنت نیم‌بها؟,https://donya-e-eqtesad.com/%D8%A8%D8%AE%D8%B4-%D8%B3%D8%A7%DB%8C%D8%AA-%D8%AE%D9%88%D8%A7%D9%86-62/4290769-%D8%AF%D9%84%DB%8C%D9%84-%D8%B2%D9%88%D8%AF-%D8%AA%D9%85%D8%A7%D9%85-%D8%B4%D8%AF%D9%86-%D8%A8%D8%B3%D8%AA%D9%87-%D9%87%D8%A7%DB%8C-%D8%A7%DB%8C%D9%86%D8%AA%D8%B1%D9%86%D8%AA%DB%8C-%D8%AE%D8%AF%D8%A7%D8%AD%D8%A7%D9%81%D8%B8%DB%8C-%D8%A8%D8%A7-%D8%A7%DB%8C%D9%86%D8%AA%D8%B1%D9%86%D8%AA-%D9%86%DB%8C%D9%85-%D8%A8%D9%87%D8%A7,https://donya-e-eqtesad.com/rss,0.0
2026-08-25,حجم آب دریاچه ارومیه واقعا فوق‌العاده است؟/ عیسی کلانتری: جای ۱۰ میلیارد، ۳ میلیارد مترمکعب آب داریم؛ جای تاسف دارد,https://donya-e-eqtesad.com/%D8%A8%D8%AE%D8%B4-%D8%B3%D8%A7%DB%8C%D8%AA-%D8%AE%D9%88%D8%A7%D9%86-62/4290772-%D8%AD%D8%AC%D9%85-%D8%A2%D8%A8-%D8%AF%D8%B1%DB%8C%D8%A7%DA%86%D9%87-%D8%A7%D8%B1%D9%88%D9%85%DB%8C%D9%87-%D9%88%D8%A7%D9%82%D8%B9%D8%A7-%D9%81%D9%88%D9%82-%D8%A7%D9%84%D8%B9%D8%A7%D8%AF%D9%87-%D8%A7%D8%B3%D8%AA-%D8%B9%DB%8C%D8%B3%DB%8C-%DA%A9%D9%84%D8%A7%D9%86%D8%AA%D8%B1%DB%8C-%D8%AC%D8%A7%DB%8C-%D9%85%DB%8C%D9%84%DB%8C%D8%A7%D8%B1%D8%AF-%D9%85%DB%8C%D9%84%DB%8C%D8%A7%D8%B1%D8%AF-%D9%85%D8%AA%D8%B1%D9%85%DA%A9%D8%B9%D8%A8-%D8%A2%D8%A8-%D8%AF%D8%A7%D8%B1%DB%8C%D9%85-%D8%AC%D8%A7%DB%8C-%D8%AA%D8%A7%D8%B3%D9%81-%D8%AF%D8%A7%D8%B1%D8%AF,https://donya-e-eqtesad.com/rss,0.0
2026-08-25,ناکامی آمریکا در متوقف کردن فروش نفت ایران/ سناریوهای محتمل برای فشار بیشتر چیست؟,https://donya-e-eqtesad.com/%D8%A8%D8%AE%D8%B4-%D8%B3%D8%A7%DB%8C%D8%AA-%D8%AE%D9%88%D8%A7%D9%86-62/4290774-%D9%86%D8%A7%DA%A9%D8%A7%D9%85%DB%8C-%D8%A2%D9%85%D8%B1%DB%8C%DA%A9%D8%A7-%D8%AF%D8%B1-%D9%85%D8%AA%D9%88%D9%82%D9%81-%DA%A9%D8%B1%D8%AF%D9%86-%D9%81%D8%B1%D9%88%D8%B4-%D9%86%D9%81%D8%AA-%D8%A7%DB%8C%D8%B1%D8%A7%D9%86-%D8%B3%D9%86%D8%A7%D8%B1%DB%8C%D9%88%D9%87%D8%A7%DB%8C-%D9%85%D8%AD%D8%AA%D9%85%D9%84-%D8%A8%D8%B1%D8%A7%DB%8C-%D9%81%D8%B4%D8%A7%D8%B1-%D8%A8%DB%8C%D8%B4%D8%AA%D8%B1-%DA%86%DB%8C%D8%B3%D8%AA,https://donya-e-eqtesad.com/rss,-1.0
2026-08-25,ناکامی قاچاقچیان مسلح در انتقال سلاح جنگی به کشور,https://tejaratnews.com/%d9%86%d8%a7%da%a9%d8%a7%d9%85%db%8c-%d9%82%d8%a7%da%86%d8%a7%d9%82%da%86%db%8c%d8%a7%d9%86-%d9%85%d8%b3%d9%84%d8%ad-%d8%af%d8%b1-%d8%a7%d9%86%d8%aa%d9%82%d8%a7%d9%84-%d8%b3%d9%84%d8%a7%d8%ad-%d8%ac,https://tejaratnews.com/feed,0.0
2026-08-25,پیش‌بینی قیمت طلا، دلار و سکه امروز سه‌شنبه ۳ شهریور ۱۴۰۵/ افزایش قیمت‌ها ادامه دارد؟,https://donya-e-eqtesad.com/%D8%A8%D8%AE%D8%B4-%D8%B3%D8%A7%DB%8C%D8%AA-%D8%AE%D9%88%D8%A7%D9%86-62/4290775-%D9%BE%DB%8C%D8%B4-%D8%A8%DB%8C%D9%86%DB%8C-%D9%82%DB%8C%D9%85%D8%AA-%D8%B7%D9%84%D8%A7-%D8%AF%D9%84%D8%A7%D8%B1-%D8%B3%DA%A9%D9%87-%D8%A7%D9%85%D8%B1%D9%88%D8%B2-%D8%B3%D9%87-%D8%B4%D9%86%D8%A8%D9%87-%D8%B4%D9%87%D8%B1%DB%8C%D9%88%D8%B1-%D8%A7%D9%81%D8%B2%D8%A7%DB%8C%D8%B4-%D9%82%DB%8C%D9%85%D8%AA-%D9%87%D8%A7-%D8%A7%D8%AF%D8%A7%D9%85%D9%87-%D8%AF%D8%A7%D8%B1%D8%AF,https://donya-e-eqtesad.com/rss,1.0
2026-08-25,جایگاه چین در تولید سوخت‌های معدنی/ این کشور 29 درصد سوخت‌ها شامل زغال‌سنگ، نفت، گاز طبیعی، سنگ نفت و اورانیوم را تولید می‌کند+ اینفوگرافیک,https://donya-e-eqtesad.com/%D8%A8%D8%AE%D8%B4-%D8%B3%D8%A7%DB%8C%D8%AA-%D8%AE%D9%88%D8%A7%D9%86-62/4290776-%D8%AC%D8%A7%DB%8C%DA%AF%D8%A7%D9%87-%DA%86%DB%8C%D9%86-%D8%AF%D8%B1-%D8%AA%D9%88%D9%84%DB%8C%D8%AF-%D8%B3%D9%88%D8%AE%D8%AA-%D9%87%D8%A7%DB%8C-%D9%85%D8%B9%D8%AF%D9%86%DB%8C-%D8%A7%DB%8C%D9%86-%DA%A9%D8%B4%D9%88%D8%B1-%D8%AF%D8%B1%D8%B5%D8%AF-%D8%B3%D9%88%D8%AE%D8%AA-%D9%87%D8%A7-%D8%B4%D8%A7%D9%85%D9%84-%D8%B2%D8%BA%D8%A7%D9%84-%D8%B3%D9%86%DA%AF-%D9%86%D9%81%D8%AA-%DA%AF%D8%A7%D8%B2-%D8%B7%D8%A8%DB%8C%D8%B9%DB%8C-%D8%B3%D9%86%DA%AF-%D9%86%D9%81%D8%AA-%D8%A7%D9%88%D8%B1%D8%A7%D9%86%DB%8C%D9%88%D9%85-%D8%B1%D8%A7-%D8%AA%D9%88%D9%84%DB%8C%D8%AF-%D9%85%DB%8C-%DA%A9%D9%86%D8%AF-%D8%A7%DB%8C%D9%86%D9%81%D9%88%DA%AF%D8%B1%D8%A7%D9%81%DB%8C%DA%A9,https://donya-e-eqtesad.com/rss,0.0
2026-08-25,روش ایران برای دور زدن تحریم‌ها چیست؟+ فیلم,https://donya-e-eqtesad.com/%D8%A8%D8%AE%D8%B4-%D8%B3%D8%A7%DB%8C%D8%AA-%D8%AE%D9%88%D8%A7%D9%86-62/4290777-%D8%B1%D9%88%D8%B4-%D8%A7%DB%8C%D8%B1%D8%A7%D9%86-%D8%A8%D8%B1%D8%A7%DB%8C-%D8%AF%D9%88%D8%B1-%D8%B2%D8%AF%D9%86-%D8%AA%D8%AD%D8%B1%DB%8C%D9%85-%D9%87%D8%A7-%DA%86%DB%8C%D8%B3%D8%AA-%D9%81%DB%8C%D9%84%D9%85,https://donya-e-eqtesad.com/rss,0.0
2026-08-25,آتش‌سوزی در ساختمان مسکونی 7 طبقه در مشهد/ 4 کودک در طبقات بالا محبوس شدند,https://donya-e-eqtesad.com/%D8%A8%D8%AE%D8%B4-%D8%B3%D8%A7%DB%8C%D8%AA-%D8%AE%D9%88%D8%A7%D9%86-62/4290779-%D8%A2%D8%AA%D8%B4-%D8%B3%D9%88%D8%B2%DB%8C-%D8%AF%D8%B1-%D8%B3%D8%A7%D8%AE%D8%AA%D9%85%D8%A7%D9%86-%D9%85%D8%B3%DA%A9%D9%88%D9%86%DB%8C-%D8%B7%D8%A8%D9%82%D9%87-%D8%AF%D8%B1-%D9%85%D8%B4%D9%87%D8%AF-%DA%A9%D9%88%D8%AF%DA%A9-%D8%AF%D8%B1-%D8%B7%D8%A8%D9%82%D8%A7%D8%AA-%D8%A8%D8%A7%D9%84%D8%A7-%D9%85%D8%AD%D8%A8%D9%88%D8%B3-%D8%B4%D8%AF%D9%86%D8%AF,https://donya-e-eqtesad.com/rss,1.0
2026-08-25,جنگ با ایران بنزین را در 145 کشور گران کرد+ جزئیات,https://donya-e-eqtesad.com/%D8%A8%D8%AE%D8%B4-%D8%B3%D8%A7%DB%8C%D8%AA-%D8%AE%D9%88%D8%A7%D9%86-62/4290780-%D8%AC%D9%86%DA%AF-%D8%A8%D8%A7-%D8%A7%DB%8C%D8%B1%D8%A7%D9%86-%D8%A8%D9%86%D8%B2%DB%8C%D9%86-%D8%B1%D8%A7-%D8%AF%D8%B1-%DA%A9%D8%B4%D9%88%D8%B1-%DA%AF%D8%B1%D8%A7%D9%86-%DA%A9%D8%B1%D8%AF-%D8%AC%D8%B2%D8%A6%DB%8C%D8%A7%D8%AA,https://donya-e-eqtesad.com/rss,0.0
2026-08-25,معاون پزشکیان: ممکن است فردا یا پس‌فردا درباره بنزین تصمیمی گرفته شود,https://donya-e-eqtesad.com/%D8%A8%D8%AE%D8%B4-%D8%B3%D8%A7%DB%8C%D8%AA-%D8%AE%D9%88%D8%A7%D9%86-62/4290781-%D9%85%D8%B9%D8%A7%D9%88%D9%86-%D9%BE%D8%B2%D8%B4%DA%A9%DB%8C%D8%A7%D9%86-%D9%85%D9%85%DA%A9%D9%86-%D8%A7%D8%B3%D8%AA-%D9%81%D8%B1%D8%AF%D8%A7-%DB%8C%D8%A7-%D9%BE%D8%B3-%D9%81%D8%B1%D8%AF%D8%A7-%D8%AF%D8%B1%D8%A8%D8%A7%D8%B1%D9%87-%D8%A8%D9%86%D8%B2%DB%8C%D9%86-%D8%AA%D8%B5%D9%85%DB%8C%D9%85%DB%8C-%DA%AF%D8%B1%D9%81%D8%AA%D9%87-%D8%B4%D9%88%D8%AF,https://donya-e-eqtesad.com/rss,0.0
2026-08-25,پیش‌بینی آب و هوا برای 2 روز آینده/ باران و کاهش دما در راه است,https://donya-e-eqtesad.com/%D8%A8%D8%AE%D8%B4-%D8%B3%D8%A7%DB%8C%D8%AA-%D8%AE%D9%88%D8%A7%D9%86-62/4290783-%D9%BE%DB%8C%D8%B4-%D8%A8%DB%8C%D9%86%DB%8C-%D8%A2%D8%A8-%D9%87%D9%88%D8%A7-%D8%A8%D8%B1%D8%A7%DB%8C-%D8%B1%D9%88%D8%B2-%D8%A2%DB%8C%D9%86%D8%AF%D9%87-%D8%A8%D8%A7%D8%B1%D8%A7%D9%86-%DA%A9%D8%A7%D9%87%D8%B4-%D8%AF%D9%85%D8%A7-%D8%AF%D8%B1-%D8%B1%D8%A7%D9%87-%D8%A7%D8%B3%D8%AA,https://donya-e-eqtesad.com/rss,-1.0
2026-08-25,دسترسی کاربران ایرانی به بازار رمزارز چه هزینه‌ای دارد؟,https://donya-e-eqtesad.com/%D8%A8%D8%AE%D8%B4-%DA%A9%D8%B3%D8%A8-%DA%A9%D8%A7%D8%B1-104/4290784-%D8%AF%D8%B3%D8%AA%D8%B1%D8%B3%DB%8C-%DA%A9%D8%A7%D8%B1%D8%A8%D8%B1%D8%A7%D9%86-%D8%A7%DB%8C%D8%B1%D8%A7%D9%86%DB%8C-%D8%A8%D9%87-%D8%A8%D8%A7%D8%B2%D8%A7%D8%B1-%D8%B1%D9%85%D8%B2%D8%A7%D8%B1%D8%B2-%DA%86%D9%87-%D9%87%D8%B2%DB%8C%D9%86%D9%87-%D8%A7%DB%8C-%D8%AF%D8%A7%D8%B1%D8%AF,https://donya-e-eqtesad.com/rss,0.0
2026-08-25,پزشکیان: به سرمایه‌گذارانی که بخواهند در حوزه پنل خورشیدی فعالیت کنند زمین و امکانات می‌دهیم,https://donya-e-eqtesad.com/%D8%A8%D8%AE%D8%B4-%D8%B3%D8%A7%DB%8C%D8%AA-%D8%AE%D9%88%D8%A7%D9%86-62/4290785-%D9%BE%D8%B2%D8%B4%DA%A9%DB%8C%D8%A7%D9%86-%D8%A8%D9%87-%D8%B3%D8%B1%D9%85%D8%A7%DB%8C%D9%87-%DA%AF%D8%B0%D8%A7%D8%B1%D8%A7%D9%86%DB%8C-%DA%A9%D9%87-%D8%A8%D8%AE%D9%88%D8%A7%D9%87%D9%86%D8%AF-%D8%AF%D8%B1-%D8%AD%D9%88%D8%B2%D9%87-%D9%BE%D9%86%D9%84-%D8%AE%D9%88%D8%B1%D8%B4%DB%8C%D8%AF%DB%8C-%D9%81%D8%B9%D8%A7%D9%84%DB%8C%D8%AA-%DA%A9%D9%86%D9%86%D8%AF-%D8%B2%D9%85%DB%8C%D9%86-%D8%A7%D9%85%DA%A9%D8%A7%D9%86%D8%A7%D8%AA-%D9%85%DB%8C-%D8%AF%D9%87%DB%8C%D9%85,https://donya-e-eqtesad.com/rss,0.0
2026-08-25,حضور آروان‌کلاد در بیست‌ونهمین نمایشگاه الکامپ با معرفی ۱۶۰ فیچر ابری,https://donya-e-eqtesad.com/%D8%A8%D8%AE%D8%B4-%DA%A9%D8%B3%D8%A8-%DA%A9%D8%A7%D8%B1-104/4290782-%D8%AD%D8%B6%D9%88%D8%B1-%D8%A2%D8%B1%D9%88%D8%A7%D9%86-%DA%A9%D9%84%D8%A7%D8%AF-%D8%AF%D8%B1-%D8%A8%DB%8C%D8%B3%D8%AA-%D9%88%D9%86%D9%87%D9%85%DB%8C%D9%86-%D9%86%D9%85%D8%A7%DB%8C%D8%B4%DA%AF%D8%A7%D9%87-%D8%A7%D9%84%DA%A9%D8%A7%D9%85%D9%BE-%D8%A8%D8%A7-%D9%85%D8%B9%D8%B1%D9%81%DB%8C-%D9%81%DB%8C%DA%86%D8%B1-%D8%A7%D8%A8%D8%B1%DB%8C,https://donya-e-eqtesad.com/rss,0.0
2026-08-25,چرا سهمیه بنزین تاکسی‌های اینترنتی با منطق اقتصاد ناسازگار است؟,https://donya-e-eqtesad.com/%D8%A8%D8%AE%D8%B4-%D8%B3%D8%B1%D9%85%D9%82%D8%A7%D9%84%D9%87-28/4290778-%DA%86%D8%B1%D8%A7-%D8%B3%D9%87%D9%85%DB%8C%D9%87-%D8%A8%D9%86%D8%B2%DB%8C%D9%86-%D8%AA%D8%A7%DA%A9%D8%B3%DB%8C-%D9%87%D8%A7%DB%8C-%D8%A7%DB%8C%D9%86%D8%AA%D8%B1%D9%86%D8%AA%DB%8C-%D8%A8%D8%A7-%D9%85%D9%86%D8%B7%D9%82-%D8%A7%D9%82%D8%AA%D8%B5%D8%A7%D8%AF-%D9%86%D8%A7%D8%B3%D8%A7%D8%B2%DA%AF%D8%A7%D8%B1-%D8%A7%D8%B3%D8%AA,https://donya-e-eqtesad.com/rss,0.0
2026-08-25,العربیه جدید: تغییر رفتار اسرائیل نسبت به ترکیه تصادفی نیست/ بخشی از یک رقابت گسترده‌تر برای نفوذ و تسلط منطقه‌ای است,https://donya-e-eqtesad.com/%D8%A8%D8%AE%D8%B4-%D8%B3%D8%A7%DB%8C%D8%AA-%D8%AE%D9%88%D8%A7%D9%86-62/4290786-%D8%A7%D9%84%D8%B9%D8%B1%D8%A8%DB%8C%D9%87-%D8%AC%D8%AF%DB%8C%D8%AF-%D8%AA%D8%BA%DB%8C%DB%8C%D8%B1-%D8%B1%D9%81%D8%AA%D8%A7%D8%B1-%D8%A7%D8%B3%D8%B1%D8%A7%D8%A6%DB%8C%D9%84-%D9%86%D8%B3%D8%A8%D8%AA-%D8%A8%D9%87-%D8%AA%D8%B1%DA%A9%DB%8C%D9%87-%D8%AA%D8%B5%D8%A7%D8%AF%D9%81%DB%8C-%D9%86%DB%8C%D8%B3%D8%AA-%D8%A8%D8%AE%D8%B4%DB%8C-%D8%A7%D8%B2-%DB%8C%DA%A9-%D8%B1%D9%82%D8%A7%D8%A8%D8%AA-%DA%AF%D8%B3%D8%AA%D8%B1%D8%AF%D9%87-%D8%AA%D8%B1-%D8%A8%D8%B1%D8%A7%DB%8C-%D9%86%D9%81%D9%88%D8%B0-%D8%AA%D8%B3%D9%84%D8%B7-%D9%85%D9%86%D8%B7%D9%82%D9%87-%D8%A7%DB%8C-%D8%A7%D8%B3%D8%AA,https://donya-e-eqtesad.com/rss,0.0
2026-08-25,ابلاغیه مهم بانک مرکزی برای اعطای تسهیلات ارزی+ جزئیات,https://donya-e-eqtesad.com/%D8%A8%D8%AE%D8%B4-%D8%B3%D8%A7%DB%8C%D8%AA-%D8%AE%D9%88%D8%A7%D9%86-62/4290787-%D8%A7%D8%A8%D9%84%D8%A7%D8%BA%DB%8C%D9%87-%D9%85%D9%87%D9%85-%D8%A8%D8%A7%D9%86%DA%A9-%D9%85%D8%B1%DA%A9%D8%B2%DB%8C-%D8%A8%D8%B1%D8%A7%DB%8C-%D8%A7%D8%B9%D8%B7%D8%A7%DB%8C-%D8%AA%D8%B3%D9%87%DB%8C%D9%84%D8%A7%D8%AA-%D8%A7%D8%B1%D8%B2%DB%8C-%D8%AC%D8%B2%D8%A6%DB%8C%D8%A7%D8%AA,https://donya-e-eqtesad.com/rss,0.0
2026-08-25,تماس عاصم منیر با ترامپ پیش از سفر به تهران,https://tejaratnews.com/%d8%aa%d9%85%d8%a7%d8%b3-%d8%b9%d8%a7%d8%b5%d9%85-%d9%85%d9%86%db%8c%d8%b1-%d8%a8%d8%a7-%d8%aa%d8%b1%d8%a7%d9%85%d9%be-%d9%be%db%8c%d8%b4-%d8%a7%d8%b2-%d8%b3%d9%81%d8%b1-%d8%a8%d9%87-%d8%aa%d9%87,https://tejaratnews.com/feed,0.0
2026-08-25,۴۵ درصد مخازن سدهای کشور خالی است,https://tejaratnews.com/%db%b4%db%b5-%d8%af%d8%b1%d8%b5%d8%af-%d9%85%d8%ae%d8%a7%d8%b2%d9%86-%d8%b3%d8%af%d9%87%d8%a7%db%8c-%da%a9%d8%b4%d9%88%d8%b1-%d8%ae%d8%a7%d9%84%db%8c-%d8%a7%d8%b3%d8%aa,https://tejaratnews.com/feed,0.0
2026-08-25,قائم‌پناه: هنوز تصمیم مشخصی درباره بنزین گرفته نشده است,https://tejaratnews.com/%d9%82%d8%a7%d8%a6%d9%85%d9%be%d9%86%d8%a7%d9%87-%d9%87%d9%86%d9%88%d8%b2-%d8%aa%d8%b5%d9%85%db%8c%d9%85-%d9%85%d8%b4%d8%ae%d8%b5%db%8c-%d8%af%d8%b1%d8%a8%d8%a7%d8%b1%d9%87-%d8%a8,https://tejaratnews.com/feed,0.0
2026-08-25,سقوط سنگین «دستمزد واقعی کارگران» فقط در ده سال/ پایه مزد از ۲۳۲ دلار به ۸۳ دلار رسید!,https://tejaratnews.com/%d8%b3%d9%82%d9%88%d8%b7-%d8%b3%d9%86%da%af%db%8c%d9%86-%d8%af%d8%b3%d8%aa%d9%85%d8%b2%d8%af-%d9%88%d8%a7%d9%82%d8%b9%db%8c-%da%a9%d8%a7%d8%b1%da%af%d8%b1%d8%a7%d9%86-%d9%81%d9%82%d8%b7,https://tejaratnews.com/feed,-1.0
2026-08-25,نیوزیلند یک مرز جدید برای اینترنت می‌گذارد,https://tejaratnews.com/%d9%86%db%8c%d9%88%d8%b2%db%8c%d9%84%d9%86%d8%af-%db%8c%da%a9-%d9%85%d8%b1%d8%b2-%d8%ac%d8%af%db%8c%d8%af-%d8%a8%d8%b1%d8%a7%db%8c-%d8%a7%db%8c%d9%86%d8%aa%d8%b1%d9%86%d8%aa-%d9%85%db%8c,https://tejaratnews.com/feed,0.0
2026-08-25,ترامپ تحریم‌های تجاری علیه کوبا را یک سال دیگر تمدید کرد,https://tejaratnews.com/%d8%aa%d8%b1%d8%a7%d9%85%d9%be-%d8%aa%d8%ad%d8%b1%db%8c%d9%85%d9%87%d8%a7%db%8c-%d8%aa%d8%ac%d8%a7%d8%b1%db%8c-%d8%b9%d9%84%db%8c%d9%87-%da%a9%d9%88%d8%a8%d8%a7-%d8%b1%d8%a7-%db%8c%da%a9,https://tejaratnews.com/feed,0.0
2026-08-25,نمی‌توان همه مشکلات شرکت سایپا را به جنگ نسبت داد / سایپا به دلیل تعهدات سنگین و مدیریت نامناسب منابع، با چالش‌های جدی‌ مواجه شده است / وزارت صمت مخالف واگذاری سایپا به بخش خصوصی است,https://tejaratnews.com/%d9%86%d9%85%db%8c%d8%aa%d9%88%d8%a7%d9%86-%d9%87%d9%85%d9%87-%d9%85%d8%b4%da%a9%d9%84%d8%a7%d8%aa-%d8%b4%d8%b1%da%a9%d8%aa-%d8%b3%d8%a7%db%8c%d9%be%d8%a7-%d8%b1%d8%a7-%d8%a8%d9%87-%d8%ac,https://tejaratnews.com/feed,0.0
2026-08-25,رکود تورمی مسکن اصفهان؛ امید مردم به خانه‌دار شدن کم شد,https://tejaratnews.com/%d8%b1%da%a9%d9%88%d8%af-%d8%aa%d9%88%d8%b1%d9%85%db%8c-%d9%85%d8%b3%da%a9%d9%86-%d8%a7%d8%b5%d9%81%d9%87%d8%a7%d9%86%d8%9b-%d8%a7%d9%85%db%8c%d8%af-%d9%85%d8%b1%d8%af%d9%85-%d8%a8%d9%87-%d8%ae%d8%a7,https://tejaratnews.com/feed,-1.0
2026-08-25,عربستان قوانین سخت‌گیرانه جدیدی را برای کارگران خارجی وضع کرد,https://tejaratnews.com/%d8%b9%d8%b1%d8%a8%d8%b3%d8%aa%d8%a7%d9%86-%d9%82%d9%88%d8%a7%d9%86%db%8c%d9%86-%d8%b3%d8%ae%d8%aa%da%af%db%8c%d8%b1%d8%a7%d9%86%d9%87-%d8%ac%d8%af%db%8c%d8%af%db%8c-%d8%b1%d8%a7-%d8%a8%d8%b1,https://tejaratnews.com/feed,0.0
2026-08-25,چلسی، فاتح دربی غرب لندن شد / پیروزی آلونسو در جدال سرمربیان سابق رئال,https://tejaratnews.com/%da%86%d9%84%d8%b3%db%8c%d8%8c-%d9%81%d8%a7%d8%aa%d8%ad-%d8%af%d8%b1%d8%a8%db%8c-%d8%ba%d8%b1%d8%a8-%d9%84%d9%86%d8%af%d9%86-%d8%b4%d8%af-%d9%be%db%8c%d8%b1%d9%88%d8%b2%db%8c-%d8%a2%d9%84%d9%88,https://tejaratnews.com/feed,0.0
2026-08-25,آمریکا در آستانه بزرگ‌ترین لغو ویزا؛ خطر اخراج 200 هزار خارجی,https://tejaratnews.com/%d8%a2%d9%85%d8%b1%db%8c%da%a9%d8%a7-%d8%af%d8%b1-%d8%a2%d8%b3%d8%aa%d8%a7%d9%86%d9%87-%d8%a8%d8%b2%d8%b1%da%af%d8%aa%d8%b1%db%8c%d9%86-%d9%84%d8%ba%d9%88-%d9%88%db%8c%d8%b2%d8%a7%d8%9b,https://tejaratnews.com/feed,0.0
2026-08-25,برتری لاتزیو و رم در شب هت‌تریک مهاجم هلندی,https://tejaratnews.com/%d8%a8%d8%b1%d8%aa%d8%b1%db%8c-%d9%84%d8%a7%d8%aa%d8%b2%db%8c%d9%88-%d9%88-%d8%b1%d9%85-%d8%af%d8%b1-%d8%b4%d8%a8-%d9%87%d8%aa%d8%aa%d8%b1%db%8c%da%a9-%d9%85%d9%87%d8%a7%d8%ac%d9%85-%d9%87,https://tejaratnews.com/feed,0.0
2026-08-25,چمران: دولت پول صرفه‌جویی بنزین را برای خرید اتوبوس بدهد,https://tejaratnews.com/%da%86%d9%85%d8%b1%d8%a7%d9%86-%d8%af%d9%88%d9%84%d8%aa-%d9%be%d9%88%d9%84-%d8%b5%d8%b1%d9%81%d9%87%d8%ac%d9%88%db%8c%db%8c-%d8%a8%d9%86%d8%b2%db%8c%d9%86-%d8%b1%d8%a7-%d8%a8%d8%b1%d8%a7,https://tejaratnews.com/feed,0.0
2026-08-25,آمریکا احتمال حمله مجدد به ایران را رد نکرد,https://tejaratnews.com/%d8%a2%d9%85%d8%b1%db%8c%da%a9%d8%a7-%d8%a7%d8%ad%d8%aa%d9%85%d8%a7%d9%84-%d8%ad%d9%85%d9%84%d9%87-%d9%85%d8%ac%d8%af%d8%af-%d8%a8%d9%87-%d8%a7%db%8c%d8%b1%d8%a7%d9%86-%d8%b1%d8%a7-%d8%b1%d8%af-%d9%86,https://tejaratnews.com/feed,0.0
2026-08-25,ایراد دیوان محاسبات به نحوه واگذاری ۵۴۴ هزار قلم کالای تملیکی,https://tejaratnews.com/%d8%a7%db%8c%d8%b1%d8%a7%d8%af-%d8%af%db%8c%d9%88%d8%a7%d9%86-%d9%85%d8%ad%d8%a7%d8%b3%d8%a8%d8%a7%d8%aa-%d8%a8%d9%87-%d9%86%d8%ad%d9%88%d9%87-%d9%88%d8%a7%da%af%d8%b0%d8%a7%d8%b1%db%8c-%db%b5%db%b4,https://tejaratnews.com/feed,0.0
2026-08-25,بازگشت کبوترهای نامه‌بر به دنیای پیام‌رسان‌ها,https://tejaratnews.com/%d8%a8%d8%a7%d8%b2%da%af%d8%b4%d8%aa-%da%a9%d8%a8%d9%88%d8%aa%d8%b1%d9%87%d8%a7%db%8c-%d9%86%d8%a7%d9%85%d9%87%d8%a8%d8%b1-%d8%a8%d9%87-%d8%af%d9%86%db%8c%d8%a7%db%8c-%d9%be%db%8c%d8%a7%d9%85,https://tejaratnews.com/feed,1.0
2026-08-25,شیائومی وارد بازی ساخت «مغز» گوشی شد,https://tejaratnews.com/%d8%b4%db%8c%d8%a7%d8%a6%d9%88%d9%85%db%8c-%d9%88%d8%a7%d8%b1%d8%af-%d8%a8%d8%a7%d8%b2%db%8c-%d8%b3%d8%a7%d8%ae%d8%aa-%d9%85%d8%ba%d8%b2-%da%af%d9%88%d8%b4%db%8c-%d8%b4%d8%af,https://tejaratnews.com/feed,0.0
2026-08-25,اینترنت ثابت همچنان در سراشیبی,https://tejaratnews.com/%d8%a7%db%8c%d9%86%d8%aa%d8%b1%d9%86%d8%aa-%d8%ab%d8%a7%d8%a8%d8%aa-%d9%87%d9%85%da%86%d9%86%d8%a7%d9%86-%d8%af%d8%b1-%d8%b3%d8%b1%d8%a7%d8%b4%db%8c%d8%a8%db%8c,https://tejaratnews.com/feed,0.0
2026-08-25,وان ۳.۰ از روی فایل برایتان ویدئو می‌سازد,https://tejaratnews.com/%d9%88%d8%a7%d9%86-%db%b3-%db%b0-%d8%a7%d8%b2-%d8%b1%d9%88%db%8c-%d9%81%d8%a7%db%8c%d9%84-%d8%a8%d8%b1%d8%a7%db%8c%d8%aa%d8%a7%d9%86-%d9%88%db%8c%d8%af%d8%a6%d9%88-%d9%85%db%8c%d8%b3%d8%a7,https://tejaratnews.com/feed,0.0
2026-08-25,تئاتر دیدن تعطیل شد! / هزینه یک شب فرهنگی برای یک زوج بین ۵ تا ۱۰ میلیون تومان می‌شود + عکس,https://tejaratnews.com/%d8%aa%d8%a6%d8%a7%d8%aa%d8%b1-%d8%af%db%8c%d8%af%d9%86-%d8%aa%d8%b9%d8%b7%db%8c%d9%84-%d8%b4%d8%af-%d9%87%d8%b2%db%8c%d9%86%d9%87-%db%8c%da%a9-%d8%b4%d8%a8-%d9%81%d8%b1%d9%87%d9%86%da%af%db%8c,https://tejaratnews.com/feed,0.0
2026-08-25,قیمت گوشت قرمز امروز ۳ شهریور ۱۴۰۵ + جدول,https://tejaratnews.com/%d9%82%db%8c%d9%85%d8%aa-%da%af%d9%88%d8%b4%d8%aa-%d9%82%d8%b1%d9%85%d8%b2-%d8%a7%d9%85%d8%b1%d9%88%d8%b2-%db%b3-%d8%b4%d9%87%d8%b1%db%8c%d9%88%d8%b1-%db%b1%db%b4%db%b0%db%b5-%d8%ac%d8%af%d9%88,https://tejaratnews.com/feed,0.0
2026-08-25,بنزما 144 میلیون یورو غرامت می‌گیرد,https://tejaratnews.com/%d8%a8%d9%86%d8%b2%d9%85%d8%a7-144-%d9%85%db%8c%d9%84%db%8c%d9%88%d9%86-%db%8c%d9%88%d8%b1%d9%88-%d8%ba%d8%b1%d8%a7%d9%85%d8%aa-%d9%85%db%8c%da%af%db%8c%d8%b1%d8%af,https://tejaratnews.com/feed,0.0
2026-08-25,رکورد تاریخی در نتیجه یک بازی والیبال,https://tejaratnews.com/%d8%b1%da%a9%d9%88%d8%b1%d8%af-%d8%aa%d8%a7%d8%b1%db%8c%d8%ae%db%8c-%d8%af%d8%b1-%d9%86%d8%aa%db%8c%d8%ac%d9%87-%db%8c%da%a9-%d8%a8%d8%a7%d8%b2%db%8c-%d9%88%d8%a7%d9%84%db%8c%d8%a8%d8%a7%d9%84,https://tejaratnews.com/feed,1.0
2026-08-25,«مرد عنکبوتی» از «جنگ ستارگان» هم عبور کرد,https://tejaratnews.com/%d9%85%d8%b1%d8%af-%d8%b9%d9%86%da%a9%d8%a8%d9%88%d8%aa%db%8c-%d8%a7%d8%b2-%d8%ac%d9%86%da%af-%d8%b3%d8%aa%d8%a7%d8%b1%da%af%d8%a7%d9%86-%d9%87%d9%85-%d8%b9%d8%a8%d9%88%d8%b1,https://tejaratnews.com/feed,0.0
2026-08-25,نماینده ایران در کمین غول‌های شرق / قرعه‌ای که سرنوشت را عوض می‌کند,https://tejaratnews.com/%d9%86%d9%85%d8%a7%db%8c%d9%86%d8%af%d9%87-%d8%a7%db%8c%d8%b1%d8%a7%d9%86-%d8%af%d8%b1-%da%a9%d9%85%db%8c%d9%86-%d8%ba%d9%88%d9%84%d9%87%d8%a7%db%8c-%d8%b4%d8%b1%d9%82-%d9%82%d8%b1%d8%b9,https://tejaratnews.com/feed,0.0
2026-08-25,احتمال جدایی مهاجم تاثیرگذار پرسپولیس,https://tejaratnews.com/%d8%a7%d8%ad%d8%aa%d9%85%d8%a7%d9%84-%d8%ac%d8%af%d8%a7%db%8c%db%8c-%d9%85%d9%87%d8%a7%d8%ac%d9%85-%d8%aa%d8%a7%d8%ab%db%8c%d8%b1%da%af%d8%b0%d8%a7%d8%b1-%d9%be%d8%b1%d8%b3%d9%be%d9%88%d9%84%db%8c,https://tejaratnews.com/feed,0.0
2026-08-25,مقامات آمریکا پیش از آغاز جنگ علیه ایران به ترامپ هشدار داده بودند,https://tejaratnews.com/%d9%85%d9%82%d8%a7%d9%85%d8%a7%d8%aa-%d8%a2%d9%85%d8%b1%db%8c%da%a9%d8%a7-%d9%be%db%8c%d8%b4-%d8%a7%d8%b2-%d8%a2%d8%ba%d8%a7%d8%b2-%d8%ac%d9%86%da%af-%d8%b9%d9%84%db%8c%d9%87-%d8%a7%db%8c%d8%b1%d8%a7,https://tejaratnews.com/feed,0.0
2026-08-25,هشدار کاخ سفید به ایران: توافق کنید، وگرنه «عواقب را می‌دانید»,https://tejaratnews.com/%d9%87%d8%b4%d8%af%d8%a7%d8%b1-%da%a9%d8%a7%d8%ae-%d8%b3%d9%81%db%8c%d8%af-%d8%a8%d9%87-%d8%a7%db%8c%d8%b1%d8%a7%d9%86-%d8%aa%d9%88%d8%a7%d9%81%d9%82-%da%a9%d9%86%db%8c%d8%af%d8%8c-%d9%88%da%af%d8%b1,https://tejaratnews.com/feed,0.0
2026-08-25,شب وحشت در هائیتی؛ ۶۹ کشته و زخمی در حمله گروه‌های مسلح,https://tejaratnews.com/%d8%b4%d8%a8-%d9%88%d8%ad%d8%b4%d8%aa-%d8%af%d8%b1-%d9%87%d8%a7%d8%a6%db%8c%d8%aa%db%8c%d8%9b-%db%b6%db%b9-%da%a9%d8%b4%d8%aa%d9%87-%d9%88-%d8%b2%d8%ae%d9%85%db%8c-%d8%af%d8%b1-%d8%ad%d9%85%d9%84,https://tejaratnews.com/feed,0.0
2026-08-25,آمادگی بانک مرکزی برای حمایت ارزی و ریالی از سرمایه‌گذاری در انرژی‌های پاک,https://tejaratnews.com/%d8%a2%d9%85%d8%a7%d8%af%da%af%db%8c-%d8%a8%d8%a7%d9%86%da%a9-%d9%85%d8%b1%da%a9%d8%b2%db%8c-%d8%a8%d8%b1%d8%a7%db%8c-%d8%ad%d9%85%d8%a7%db%8c%d8%aa-%d8%a7%d8%b1%d8%b2%db%8c-%d9%88-%d8%b1%db%8c%d8%a7,https://tejaratnews.com/feed,1.0
2026-08-25,جهش قیمت بیت کوین ادامه دارد؟,https://tejaratnews.com/%d8%ac%d9%87%d8%b4-%d9%82%db%8c%d9%85%d8%aa-%d8%a8%db%8c%d8%aa-%da%a9%d9%88%db%8c%d9%86-%d8%a7%d8%af%d8%a7%d9%85%d9%87-%d8%af%d8%a7%d8%b1%d8%af%d8%9f,https://tejaratnews.com/feed,1.0
2026-08-25,دپوی بیش از ۱۰۰ هزار تن شیر خشک صنعتی در کارخانجات,https://tejaratnews.com/%d8%af%d9%be%d9%88%db%8c-%d8%a8%db%8c%d8%b4-%d8%a7%d8%b2-%db%b1%db%b0%db%b0-%d9%87%d8%b2%d8%a7%d8%b1-%d8%aa%d9%86-%d8%b4%db%8c%d8%b1-%d8%ae%d8%b4%da%a9-%d8%b5%d9%86%d8%b9%d8%aa%db%8c-%d8%af%d8%b1,https://tejaratnews.com/feed,0.0
2026-08-25,افزایش ملایم قیمت نفت در بازار جهانی,https://tejaratnews.com/%d8%a7%d9%81%d8%b2%d8%a7%db%8c%d8%b4-%d9%85%d9%84%d8%a7%db%8c%d9%85-%d9%82%db%8c%d9%85%d8%aa-%d9%86%d9%81%d8%aa-%d8%af%d8%b1-%d8%a8%d8%a7%d8%b2%d8%a7%d8%b1-%d8%ac%d9%87%d8%a7%d9%86%db%8c,https://tejaratnews.com/feed,1.0
2026-08-25,حذف کنترل سهمیه و بهینه‌سازی ارزی برای واردات کالاهای ضروری,https://tejaratnews.com/%d8%ad%d8%b0%d9%81-%da%a9%d9%86%d8%aa%d8%b1%d9%84-%d8%b3%d9%87%d9%85%db%8c%d9%87-%d9%88-%d8%a8%d9%87%db%8c%d9%86%d9%87%d8%b3%d8%a7%d8%b2%db%8c-%d8%a7%d8%b1%d8%b2%db%8c-%d8%a8%d8%b1%d8%a7,https://tejaratnews.com/feed,0.0
2026-08-25,ارتش یمن: یک نفتکش سعودی و 10 کامیون حامل سلاح آن را هدف قرار دادیم,https://tejaratnews.com/%d8%a7%d8%b1%d8%aa%d8%b4-%db%8c%d9%85%d9%86-%db%8c%da%a9-%d9%86%d9%81%d8%aa%da%a9%d8%b4-%d8%b3%d8%b9%d9%88%d8%af%db%8c-%d9%88-10-%da%a9%d8%a7%d9%85%db%8c%d9%88%d9%86-%d8%ad%d8%a7%d9%85%d9%84-%d8%b3,https://tejaratnews.com/feed,0.0
2026-08-25,هوای پایتخت قابل‌قبول است,https://tejaratnews.com/%d9%87%d9%88%d8%a7%db%8c-%d9%be%d8%a7%db%8c%d8%aa%d8%ae%d8%aa-%d9%82%d8%a7%d8%a8%d9%84%d9%82%d8%a8%d9%88%d9%84-%d8%a7%d8%b3%d8%aa,https://tejaratnews.com/feed,0.0
2026-08-25,کاهش چشمگیر تردد کشتی‌های باری از تنگه هرمز,https://tejaratnews.com/%da%a9%d8%a7%d9%87%d8%b4-%da%86%d8%b4%d9%85%da%af%db%8c%d8%b1-%d8%aa%d8%b1%d8%af%d8%af-%da%a9%d8%b4%d8%aa%db%8c%d9%87%d8%a7%db%8c-%d8%a8%d8%a7%d8%b1%db%8c-%d8%a7%d8%b2-%d8%aa%d9%86%da%af,https://tejaratnews.com/feed,-1.0
2026-08-25,چین از قطب شمال به اروپا می‌رسد / آغاز رقابت جدید در کشتیرانی جهانی,https://tejaratnews.com/%da%86%db%8c%d9%86-%d8%a7%d8%b2-%d9%82%d8%b7%d8%a8-%d8%b4%d9%85%d8%a7%d9%84-%d8%a8%d9%87-%d8%a7%d8%b1%d9%88%d9%be%d8%a7-%d9%85%db%8c%d8%b1%d8%b3%d8%af-%d8%a2%d8%ba%d8%a7%d8%b2-%d8%b1%d9%82,https://tejaratnews.com/feed,0.0
2026-08-25,چین چگونه به قدرت اول خودروهای برقی جهان تبدیل شد؟,https://tejaratnews.com/%da%86%db%8c%d9%86-%da%86%da%af%d9%88%d9%86%d9%87-%d8%a8%d9%87-%d9%82%d8%af%d8%b1%d8%aa-%d8%a7%d9%88%d9%84-%d8%ae%d9%88%d8%af%d8%b1%d9%88%d9%87%d8%a7%db%8c-%d8%a8%d8%b1%d9%82%db%8c-%d8%ac%d9%87%d8%a7,https://tejaratnews.com/feed,0.0
2026-08-25,حداقل قیمت موتورسیکلت ۳۰۰ میلیون تومان/ دومیلیاردتومانی هم هست,https://tejaratnews.com/%d8%ad%d8%af%d8%a7%d9%82%d9%84-%d9%82%db%8c%d9%85%d8%aa-%d9%85%d9%88%d8%aa%d9%88%d8%b1%d8%b3%db%8c%da%a9%d9%84%d8%aa-%db%b3%db%b0%db%b0-%d9%85%db%8c%d9%84%db%8c%d9%88%d9%86-%d8%aa%d9%88%d9%85%d8%a7,https://tejaratnews.com/feed,0.0
2026-08-25,ورود بخش خصوصی به اکتشافات معدنی,https://tejaratnews.com/%d9%88%d8%b1%d9%88%d8%af-%d8%a8%d8%ae%d8%b4-%d8%ae%d8%b5%d9%88%d8%b5%db%8c-%d8%a8%d9%87-%d8%a7%da%a9%d8%aa%d8%b4%d8%a7%d9%81%d8%a7%d8%aa-%d9%85%d8%b9%d8%af%d9%86%db%8c,https://tejaratnews.com/feed,0.0
2026-08-25,تداوم بارش های پراکنده در شمال غرب کشور,https://tejaratnews.com/%d8%aa%d8%af%d8%a7%d9%88%d9%85-%d8%a8%d8%a7%d8%b1%d8%b4-%d9%87%d8%a7%db%8c-%d9%be%d8%b1%d8%a7%da%a9%d9%86%d8%af%d9%87-%d8%af%d8%b1-%d8%b4%d9%85%d8%a7%d9%84-%d8%ba%d8%b1%d8%a8-%da%a9%d8%b4%d9%88%d8%b1,https://tejaratnews.com/feed,0.0
2026-08-25,ارز ترجیحی دارو حذف خواهد شد؟,https://tejaratnews.com/%d8%a7%d8%b1%d8%b2-%d8%aa%d8%b1%d8%ac%db%8c%d8%ad%db%8c-%d8%af%d8%a7%d8%b1%d9%88-%d8%ad%d8%b0%d9%81-%d8%ae%d9%88%d8%a7%d9%87%d8%af-%d8%b4%d8%af%d8%9f,https://tejaratnews.com/feed,0.0
2026-08-25,پشت پرده درآمد نجومی استقلال / لقمه آماده هلدینگ!,https://tejaratnews.com/%d9%be%d8%b4%d8%aa-%d9%be%d8%b1%d8%af%d9%87-%d8%af%d8%b1%d8%a2%d9%85%d8%af-%d9%86%d8%ac%d9%88%d9%85%db%8c-%d8%a7%d8%b3%d8%aa%d9%82%d9%84%d8%a7%d9%84-%d9%84%d9%82%d9%85%d9%87-%d8%a2%d9%85%d8%a7%d8%af,https://tejaratnews.com/feed,0.0
2026-08-25,وزیر کشور پاکستان: در تبادل‌نظرهای سازنده با ایران پیشرفت قابل‌توجهی حاصل شد,https://tejaratnews.com/%d9%88%d8%b2%db%8c%d8%b1-%da%a9%d8%b4%d9%88%d8%b1-%d9%be%d8%a7%da%a9%d8%b3%d8%aa%d8%a7%d9%86-%d8%af%d8%b1-%d8%aa%d8%a8%d8%a7%d8%af%d9%84%d9%86%d8%b8%d8%b1%d9%87%d8%a7%db%8c-%d8%b3%d8%a7,https://tejaratnews.com/feed,1.0
2026-08-25,قیمت دام زنده امروز ۳ شهریور ۱۴۰۵ / قیمت گوساله بالا رفت + جدول,https://tejaratnews.com/%d9%82%db%8c%d9%85%d8%aa-%d8%af%d8%a7%d9%85-%d8%b2%d9%86%d8%af%d9%87-%d8%a7%d9%85%d8%b1%d9%88%d8%b2-%db%b3-%d8%b4%d9%87%d8%b1%db%8c%d9%88%d8%b1-%db%b1%db%b4%db%b0%db%b5-%d9%82%db%8c%d9%85%d8%aa,https://tejaratnews.com/feed,1.0
2026-08-25,عامل افزایش ۵ تریلیون دلاری بازار طلا و نقره,https://tejaratnews.com/%d8%b9%d8%a7%d9%85%d9%84-%d8%a7%d9%81%d8%b2%d8%a7%db%8c%d8%b4-%db%b5-%d8%aa%d8%b1%db%8c%d9%84%db%8c%d9%88%d9%86-%d8%af%d9%84%d8%a7%d8%b1%db%8c-%d8%a8%d8%a7%d8%b2%d8%a7%d8%b1-%d8%b7%d9%84%d8%a7-%d9%88,https://tejaratnews.com/feed,1.0
2026-08-25,چرا مبلغ قبوض برق افزایش پیدا می‌کند؟,https://tejaratnews.com/%da%86%d8%b1%d8%a7-%d9%85%d8%a8%d9%84%d8%ba-%d9%82%d8%a8%d9%88%d8%b6-%d8%a8%d8%b1%d9%82-%d8%a7%d9%81%d8%b2%d8%a7%db%8c%d8%b4-%d9%be%db%8c%d8%af%d8%a7-%d9%85%db%8c%da%a9%d9%86%d8%af%d8%9f,https://tejaratnews.com/feed,1.0
2026-08-25,ارتش پاکستان: رایزنی‌های عاصم منیر در تهران بسیار سازنده بود,https://tejaratnews.com/%d8%a7%d8%b1%d8%aa%d8%b4-%d9%be%d8%a7%da%a9%d8%b3%d8%aa%d8%a7%d9%86-%d8%b1%d8%a7%db%8c%d8%b2%d9%86%db%8c%d9%87%d8%a7%db%8c-%d8%b9%d8%a7%d8%b5%d9%85-%d9%85%d9%86%db%8c%d8%b1-%d8%af%d8%b1,https://tejaratnews.com/feed,0.0
2026-08-25,ریاض و پاریس بر راه‌حل دیپلماتیک درباره ایران و حمایت از تشکیل کشور فلسطین تأکید کردند,https://tejaratnews.com/%d8%b1%db%8c%d8%a7%d8%b6-%d9%88-%d9%be%d8%a7%d8%b1%db%8c%d8%b3-%d8%a8%d8%b1-%d8%b1%d8%a7%d9%87%d8%ad%d9%84-%d8%af%db%8c%d9%be%d9%84%d9%85%d8%a7%d8%aa%db%8c%da%a9-%d8%af%d8%b1%d8%a8%d8%a7,https://tejaratnews.com/feed,1.0
2026-08-25,رابرت مالی: طرح «دی‌ دی اقتصادی» ترامپ بی‌هدف و مبهم است,https://tejaratnews.com/%d8%b1%d8%a7%d8%a8%d8%b1%d8%aa-%d9%85%d8%a7%d9%84%db%8c-%d8%b7%d8%b1%d8%ad-%d8%af%db%8c-%d8%af%db%8c-%d8%a7%d9%82%d8%aa%d8%b5%d8%a7%d8%af%db%8c-%d8%aa%d8%b1%d8%a7%d9%85%d9%be,https://tejaratnews.com/feed,0.0
2026-08-25,هدف قرار گرفتن یک نفتکش در تنگه هرمز,https://tejaratnews.com/%d9%87%d8%af%d9%81-%d9%82%d8%b1%d8%a7%d8%b1-%da%af%d8%b1%d9%81%d8%aa%d9%86-%db%8c%da%a9-%d9%86%d9%81%d8%aa%da%a9%d8%b4-%d8%af%d8%b1-%d8%aa%d9%86%da%af%d9%87-%d9%87%d8%b1%d9%85%d8%b2,https://tejaratnews.com/feed,0.0
2026-08-25,بیرانوند تا ۳۱ شهریور مجوز بازی دارد / احتمال تمدید تا جام ملت‌های آسیا,https://tejaratnews.com/%d8%a8%db%8c%d8%b1%d8%a7%d9%86%d9%88%d9%86%d8%af-%d8%aa%d8%a7-%db%b3%db%b1-%d8%b4%d9%87%d8%b1%db%8c%d9%88%d8%b1-%d9%85%d8%ac%d9%88%d8%b2-%d8%a8%d8%a7%d8%b2%db%8c-%d8%af%d8%a7%d8%b1%d8%af-%d8%a7,https://tejaratnews.com/feed,0.0
2026-08-25,لمسِ تراژدی,https://tejaratnews.com/%d9%84%d9%85%d8%b3%d9%90-%d8%aa%d8%b1%d8%a7%da%98%d8%af%db%8c,https://tejaratnews.com/feed,0.0
2026-08-25,رضایی: آمریکا باید اقدامات عملی درباره اجرای شروط تفاهم‌نامه انجام دهد,https://tejaratnews.com/%d8%b1%d8%b6%d8%a7%db%8c%db%8c-%d8%a2%d9%85%d8%b1%db%8c%da%a9%d8%a7-%d8%a8%d8%a7%db%8c%d8%af-%d8%a7%d9%82%d8%af%d8%a7%d9%85%d8%a7%d8%aa-%d8%b9%d9%85%d9%84%db%8c-%d8%af%d8%b1%d8%a8%d8%a7%d8%b1%d9%87,https://tejaratnews.com/feed,0.0
2026-08-25,العربی الجدید:‌ تل‌آویو در پی ایجاد عمق امنیتی در داخل خاک سوریه است,https://tejaratnews.com/%d8%a7%d9%84%d8%b9%d8%b1%d8%a8%db%8c-%d8%a7%d9%84%d8%ac%d8%af%db%8c%d8%af-%d8%aa%d9%84%d8%a2%d9%88%db%8c%d9%88-%d8%af%d8%b1-%d9%be%db%8c-%d8%a7%db%8c%d8%ac%d8%a7%d8%af-%d8%b9%d9%85,https://tejaratnews.com/feed,0.0
2026-08-25,قیمت دلار توافقی امروز سه شنبه ۳ شهریور ۱۴۰۵,https://tejaratnews.com/%d9%82%db%8c%d9%85%d8%aa-%d8%af%d9%84%d8%a7%d8%b1-%d8%aa%d9%88%d8%a7%d9%81%d9%82%db%8c-%d8%a7%d9%85%d8%b1%d9%88%d8%b2-%d8%b3%d9%87-%d8%b4%d9%86%d8%a8%d9%87-%db%b3-%d8%b4%d9%87%d8%b1%db%8c%d9%88%d8%b1,https://tejaratnews.com/feed,0.0
2026-08-25,بی اعتنایی بازار نفت به ادعای تحریم 100 درصدی ایران,https://tejaratnews.com/%d8%a8%db%8c-%d8%a7%d8%b9%d8%aa%d9%86%d8%a7%db%8c%db%8c-%d8%a8%d8%a7%d8%b2%d8%a7%d8%b1-%d9%86%d9%81%d8%aa-%d8%a8%d9%87-%d8%a7%d8%af%d8%b9%d8%a7%db%8c-%d8%aa%d8%ad%d8%b1%db%8c%d9%85-100-%d8%af%d8%b1,https://tejaratnews.com/feed,-1.0
2026-08-25,جدول لیگ برتر فوتبال ایران در پایان هفته سوم / کورس استقلال و تراکتور در صدر,https://tejaratnews.com/%d8%ac%d8%af%d9%88%d9%84-%d9%84%db%8c%da%af-%d8%a8%d8%b1%d8%aa%d8%b1-%d9%81%d9%88%d8%aa%d8%a8%d8%a7%d9%84-%d8%a7%db%8c%d8%b1%d8%a7%d9%86-%d8%af%d8%b1-%d9%be%d8%a7%db%8c%d8%a7%d9%86-%d9%87%d9%81-4,https://tejaratnews.com/feed,0.0
2026-08-25,آغاز ثبت‌نام مسکن استیجاری در 12 شهر تهران و خراسان رضوی,https://tejaratnews.com/%d8%a2%d8%ba%d8%a7%d8%b2-%d8%ab%d8%a8%d8%aa%d9%86%d8%a7%d9%85-%d9%85%d8%b3%da%a9%d9%86-%d8%a7%d8%b3%d8%aa%db%8c%d8%ac%d8%a7%d8%b1%db%8c-%d8%af%d8%b1-12-%d8%b4%d9%87%d8%b1-%d8%aa%d9%87%d8%b1,https://tejaratnews.com/feed,0.0
2026-08-25,مجید انصاری: سازمان حقوقی دولت باید گره‌گشای مسیر توسعه و صیانت‌کننده از منافع کشور باشد,https://tejaratnews.com/%d9%85%d8%ac%db%8c%d8%af-%d8%a7%d9%86%d8%b5%d8%a7%d8%b1%db%8c-%d8%b3%d8%a7%d8%b2%d9%85%d8%a7%d9%86-%d8%ad%d9%82%d9%88%d9%82%db%8c-%d8%af%d9%88%d9%84%d8%aa-%d8%a8%d8%a7%db%8c%d8%af-%da%af%d8%b1%d9%87,https://tejaratnews.com/feed,1.0
2026-08-25,هشدار مدیریت بحران نسبت به ناایمنی «بازار پروانه» در اراضی عباس آباد/ احتمال ریزش سازه,https://tejaratnews.com/%d9%87%d8%b4%d8%af%d8%a7%d8%b1-%d9%85%d8%af%db%8c%d8%b1%db%8c%d8%aa-%d8%a8%d8%ad%d8%b1%d8%a7%d9%86-%d9%86%d8%b3%d8%a8%d8%aa-%d8%a8%d9%87-%d9%86%d8%a7%d8%a7%db%8c%d9%85%d9%86%db%8c-%d8%a8%d8%a7,https://tejaratnews.com/feed,-1.0
2026-08-25,ونس: کانادا بدون محافظت آمریکا مورد تهاجم قرار می‌گیرد,https://tejaratnews.com/%d9%88%d9%86%d8%b3-%da%a9%d8%a7%d9%86%d8%a7%d8%af%d8%a7-%d8%a8%d8%af%d9%88%d9%86-%d9%85%d8%ad%d8%a7%d9%81%d8%b8%d8%aa-%d8%a2%d9%85%d8%b1%db%8c%da%a9%d8%a7-%d9%85%d9%88%d8%b1%d8%af-%d8%aa%d9%87%d8%a7,https://tejaratnews.com/feed,0.0
2026-08-25,دموکرات‌ها خواستار ارائه جزئیات هزینه‌های جنگ علیه ایران از سوی دولت ترامپ شدند,https://tejaratnews.com/%d8%af%d9%85%d9%88%da%a9%d8%b1%d8%a7%d8%aa%d9%87%d8%a7-%d8%ae%d9%88%d8%a7%d8%b3%d8%aa%d8%a7%d8%b1-%d8%a7%d8%b1%d8%a7%d8%a6%d9%87-%d8%ac%d8%b2%d8%a6%db%8c%d8%a7%d8%aa-%d9%87%d8%b2%db%8c%d9%86,https://tejaratnews.com/feed,0.0
2026-08-25,حمله ارتش آمریکا در شرق اقیانوس آرام ۲ کشته برجای گذاشت,https://tejaratnews.com/%d8%ad%d9%85%d9%84%d9%87-%d8%a7%d8%b1%d8%aa%d8%b4-%d8%a2%d9%85%d8%b1%db%8c%da%a9%d8%a7-%d8%af%d8%b1-%d8%b4%d8%b1%d9%82-%d8%a7%d9%82%db%8c%d8%a7%d9%86%d9%88%d8%b3-%d8%a2%d8%b1%d8%a7%d9%85-%db%b2-%da%a9,https://tejaratnews.com/feed,0.0
2026-08-25,وزیران خارجه هند و روسیه درباره ایران، اوکراین و افغانستان گفت‌وگو کردند,https://tejaratnews.com/%d9%88%d8%b2%db%8c%d8%b1%d8%a7%d9%86-%d8%ae%d8%a7%d8%b1%d8%ac%d9%87-%d9%87%d9%86%d8%af-%d9%88-%d8%b1%d9%88%d8%b3%db%8c%d9%87-%d8%af%d8%b1%d8%a8%d8%a7%d8%b1%d9%87-%d8%a7%db%8c%d8%b1%d8%a7%d9%86%d8%8c,https://tejaratnews.com/feed,0.0
2026-08-25,اصلاح فرایند پرداخت حقوق کارکنان دولت در بودجه 1405,https://tejaratnews.com/%d8%a7%d8%b5%d9%84%d8%a7%d8%ad-%d9%81%d8%b1%d8%a7%db%8c%d9%86%d8%af-%d9%be%d8%b1%d8%af%d8%a7%d8%ae%d8%aa-%d8%ad%d9%82%d9%88%d9%82-%da%a9%d8%a7%d8%b1%da%a9%d9%86%d8%a7%d9%86-%d8%af%d9%88%d9%84%d8%aa,https://tejaratnews.com/feed,0.0
2026-08-25,مقاومت بورس در قله 6 میلیون واحد / پول جدید وارد کدام سهام می‌شود؟,https://tejaratnews.com/%d9%85%d9%82%d8%a7%d9%88%d9%85%d8%aa-%d8%a8%d9%88%d8%b1%d8%b3-%d8%af%d8%b1-%d9%82%d9%84%d9%87-6-%d9%85%db%8c%d9%84%db%8c%d9%88%d9%86-%d9%88%d8%a7%d8%ad%d8%af-%d9%be%d9%88%d9%84-%d8%ac%d8%af%db%8c,https://tejaratnews.com/feed,0.0
2026-08-25,ادعای هگست: حملات نظامی در هر جایی در تنگه هرمز یا در سراسر ایران را رد نمی‌کنیم,https://donya-e-eqtesad.com/%D8%A8%D8%AE%D8%B4-%D8%B3%D8%A7%DB%8C%D8%AA-%D8%AE%D9%88%D8%A7%D9%86-62/4290753-%D8%A7%D8%AF%D8%B9%D8%A7%DB%8C-%D9%87%DA%AF%D8%B3%D8%AA-%D8%AD%D9%85%D9%84%D8%A7%D8%AA-%D9%86%D8%B8%D8%A7%D9%85%DB%8C-%D8%AF%D8%B1-%D9%87%D8%B1-%D8%AC%D8%A7%DB%8C%DB%8C-%D8%AF%D8%B1-%D8%AA%D9%86%DA%AF%D9%87-%D9%87%D8%B1%D9%85%D8%B2-%DB%8C%D8%A7-%D8%AF%D8%B1-%D8%B3%D8%B1%D8%A7%D8%B3%D8%B1-%D8%A7%DB%8C%D8%B1%D8%A7%D9%86-%D8%B1%D8%A7-%D8%B1%D8%AF-%D9%86%D9%85%DB%8C-%DA%A9%D9%86%DB%8C%D9%85,https://donya-e-eqtesad.com/rss,0.0
