market,date,accuracy,total_trades,win_rate,profit_pct,prediction
Bitcoin,2026-09-24,48.57,96,45.83,75.74,صعودی 🟢
Gold,2026-09-24,34.51,137,34.31,29.18,صعودی 🟢
Bitcoin,2026-09-25,45.24,104,42.31,62.17,صعودی 🟢
Gold,2026-09-25,33.8,138,34.06,27.89,صعودی 🟢
Bitcoin,2026-09-26,50.95,87,47.13,73.34,صعودی 🟢
Gold,2026-09-26,35.92,135,34.81,31.8,صعودی 🟢
Bitcoin,2026-09-27,46.67,87,41.38,45.7,صعودی 🟢
Gold,2026-09-27,32.62,138,33.33,23.52,صعودی 🟢
Bitcoin,2026-09-28,46.19,101,41.58,55.91,صعودی 🟢
Gold,2026-09-28,34.75,135,34.07,27.3,صعودی 🟢
Bitcoin,2026-09-29,51.43,100,47.0,87.36,صعودی 🟢
Gold,2026-09-29,33.33,137,33.58,24.77,صعودی 🟢
Bitcoin,2026-09-30,47.14,91,41.76,50.03,صعودی 🟢
Gold,2026-09-30,34.04,136,33.82,26.03,صعودی 🟢
Bitcoin,2026-10-01,44.76,105,40.95,55.06,صعودی 🟢
Gold,2026-10-01,34.51,137,34.31,29.18,صعودی 🟢
Bitcoin,2026-10-02,46.19,101,42.57,61.42,صعودی 🟢
Gold,2026-10-02,33.8,138,34.06,27.89,صعودی 🟢
Bitcoin,2026-10-03,42.86,102,39.22,43.99,صعودی 🟢
Gold,2026-10-03,35.21,138,34.78,32.41,صعودی 🟢
Bitcoin,2026-10-04,47.14,106,43.4,70.38,نزولی 🔴
Gold,2026-10-04,34.04,137,34.31,29.18,صعودی 🟢
Bitcoin,2026-10-05,45.24,91,40.66,44.91,صعودی 🟢
Gold,2026-10-05,35.46,135,34.81,31.8,صعودی 🟢
Bitcoin,2026-10-06,51.43,98,47.96,91.17,نزولی 🔴
Gold,2026-10-06,35.46,137,35.04,33.75,صعودی 🟢
Bitcoin,2026-10-07,49.05,102,45.1,77.37,نزولی 🔴
Gold,2026-10-07,36.17,138,35.51,37.09,صعودی 🟢
